Entity,Code,Year,e10 (United Nations Population Division and Human Mortality Database (2015))
Afghanistan,AFG,1950,39.58
Afghanistan,AFG,1955,41.08
Afghanistan,AFG,1960,42.41
Afghanistan,AFG,1965,43.68
Afghanistan,AFG,1970,44.98
Afghanistan,AFG,1975,46.44
Afghanistan,AFG,1980,48.22
Afghanistan,AFG,1985,50.49
Afghanistan,AFG,1990,52.55
Afghanistan,AFG,1995,53.84
Afghanistan,AFG,2000,54.8
Afghanistan,AFG,2005,55.91
Afghanistan,AFG,2010,56.88
Afghanistan,AFG,2015,57.81
Afghanistan,AFG,2020,58.61
Albania,ALB,1950,59.3
Albania,ALB,1955,61.67
Albania,ALB,1960,64.84
Albania,ALB,1965,63.83
Albania,ALB,1970,63.3
Albania,ALB,1975,64.21
Albania,ALB,1980,64.77
Albania,ALB,1985,65.61
Albania,ALB,1990,64.71
Albania,ALB,1995,65.43
Albania,ALB,2000,67.38
Albania,ALB,2005,67.76
Albania,ALB,2010,68.81
Albania,ALB,2015,69.61
Albania,ALB,2020,70.41
Algeria,DZA,1950,50.64
Algeria,DZA,1955,51.52
Algeria,DZA,1960,52.5
Algeria,DZA,1965,53.41
Algeria,DZA,1970,54.23
Algeria,DZA,1975,55.8
Algeria,DZA,1980,59.09
Algeria,DZA,1985,61.21
Algeria,DZA,1990,61.75
Algeria,DZA,1995,63.19
Algeria,DZA,2000,64.9
Algeria,DZA,2005,66.48
Algeria,DZA,2010,67.41
Algeria,DZA,2015,68.15
Algeria,DZA,2020,68.8
Angola,AGO,1950,41.65
Angola,AGO,1955,42.8
Angola,AGO,1960,43.94
Angola,AGO,1965,45.08
Angola,AGO,1970,46.23
Angola,AGO,1975,47.14
Angola,AGO,1980,47.48
Angola,AGO,1985,47.89
Angola,AGO,1990,47.93
Angola,AGO,1995,48.61
Angola,AGO,2000,50.39
Angola,AGO,2005,51.57
Angola,AGO,2010,52.74
Angola,AGO,2015,53.82
Angola,AGO,2020,54.74
Antigua and Barbuda,ATG,1950,56.77
Antigua and Barbuda,ATG,1955,57.82
Antigua and Barbuda,ATG,1960,58.79
Antigua and Barbuda,ATG,1965,59.68
Antigua and Barbuda,ATG,1970,60.53
Antigua and Barbuda,ATG,1975,61.34
Antigua and Barbuda,ATG,1980,62.15
Antigua and Barbuda,ATG,1985,62.91
Antigua and Barbuda,ATG,1990,63.67
Antigua and Barbuda,ATG,1995,64.49
Antigua and Barbuda,ATG,2000,65.26
Antigua and Barbuda,ATG,2005,66.04
Antigua and Barbuda,ATG,2010,66.77
Antigua and Barbuda,ATG,2015,67.48
Antigua and Barbuda,ATG,2020,68.23
Argentina,ARG,1950,58.53
Argentina,ARG,1955,60.06
Argentina,ARG,1960,60.6
Argentina,ARG,1965,60.87
Argentina,ARG,1970,61.51
Argentina,ARG,1975,62.15
Argentina,ARG,1980,63.02
Argentina,ARG,1985,63.47
Argentina,ARG,1990,64.34
Argentina,ARG,1995,65.22
Argentina,ARG,2000,65.76
Argentina,ARG,2005,66.57
Argentina,ARG,2010,67.33
Argentina,ARG,2015,68.05
Argentina,ARG,2020,68.78
Armenia,ARM,1950,59.68
Armenia,ARM,1955,61.36
Armenia,ARM,1960,63.05
Armenia,ARM,1965,64.78
Armenia,ARM,1970,65.94
Armenia,ARM,1975,65.39
Armenia,ARM,1980,65.32
Armenia,ARM,1985,62.59
Armenia,ARM,1990,61.97
Armenia,ARM,1995,63.28
Armenia,ARM,2000,65
Armenia,ARM,2005,65.83
Armenia,ARM,2010,65.85
Armenia,ARM,2015,66.54
Armenia,ARM,2020,67.15
Aruba,ABW,1950,57.29
Aruba,ABW,1955,59.42
Aruba,ABW,1960,60.65
Aruba,ABW,1965,61.61
Aruba,ABW,1970,62.8
Aruba,ABW,1975,63.87
Aruba,ABW,1980,64.8
Aruba,ABW,1985,65.15
Aruba,ABW,1990,65.32
Aruba,ABW,1995,65.44
Aruba,ABW,2000,65.66
Aruba,ABW,2005,66.25
Aruba,ABW,2010,66.8
Aruba,ABW,2015,67.35
Aruba,ABW,2020,67.92
Australia,AUS,1750,NA
Australia,AUS,1755,NA
Australia,AUS,1760,NA
Australia,AUS,1765,NA
Australia,AUS,1770,NA
Australia,AUS,1775,NA
Australia,AUS,1780,NA
Australia,AUS,1785,NA
Australia,AUS,1790,NA
Australia,AUS,1795,NA
Australia,AUS,1800,NA
Australia,AUS,1805,NA
Australia,AUS,1810,NA
Australia,AUS,1815,NA
Australia,AUS,1820,NA
Australia,AUS,1825,NA
Australia,AUS,1830,NA
Australia,AUS,1835,NA
Australia,AUS,1840,NA
Australia,AUS,1845,NA
Australia,AUS,1850,NA
Australia,AUS,1855,NA
Australia,AUS,1860,NA
Australia,AUS,1865,NA
Australia,AUS,1870,NA
Australia,AUS,1875,NA
Australia,AUS,1880,NA
Australia,AUS,1885,NA
Australia,AUS,1890,NA
Australia,AUS,1895,NA
Australia,AUS,1900,NA
Australia,AUS,1905,NA
Australia,AUS,1910,NA
Australia,AUS,1915,NA
Australia,AUS,1920,57.75
Australia,AUS,1925,58.2
Australia,AUS,1930,59.55
Australia,AUS,1935,59.52
Australia,AUS,1940,60.24
Australia,AUS,1945,61.23
Australia,AUS,1950,61.75
Australia,AUS,1955,62.55
Australia,AUS,1960,62.84
Australia,AUS,1965,62.67
Australia,AUS,1970,63.28
Australia,AUS,1975,64.74
Australia,AUS,1980,66.16
Australia,AUS,1985,67
Australia,AUS,1990,68.27
Australia,AUS,1995,69.32
Australia,AUS,2000,70.73
Australia,AUS,2005,71.88
Australia,AUS,2010,72.52
Australia,AUS,2015,73.37
Australia,AUS,2020,74.18
Austria,AUT,1750,NA
Austria,AUT,1755,NA
Austria,AUT,1760,NA
Austria,AUT,1765,NA
Austria,AUT,1770,NA
Austria,AUT,1775,NA
Austria,AUT,1780,NA
Austria,AUT,1785,NA
Austria,AUT,1790,NA
Austria,AUT,1795,NA
Austria,AUT,1800,NA
Austria,AUT,1805,NA
Austria,AUT,1810,NA
Austria,AUT,1815,NA
Austria,AUT,1820,NA
Austria,AUT,1825,NA
Austria,AUT,1830,NA
Austria,AUT,1835,NA
Austria,AUT,1840,NA
Austria,AUT,1845,NA
Austria,AUT,1850,NA
Austria,AUT,1855,NA
Austria,AUT,1860,NA
Austria,AUT,1865,NA
Austria,AUT,1870,NA
Austria,AUT,1875,NA
Austria,AUT,1880,NA
Austria,AUT,1885,NA
Austria,AUT,1890,NA
Austria,AUT,1895,NA
Austria,AUT,1900,NA
Austria,AUT,1905,NA
Austria,AUT,1910,NA
Austria,AUT,1915,NA
Austria,AUT,1920,NA
Austria,AUT,1925,NA
Austria,AUT,1930,NA
Austria,AUT,1935,NA
Austria,AUT,1940,NA
Austria,AUT,1945,59.47
Austria,AUT,1950,60.96
Austria,AUT,1955,61.64
Austria,AUT,1960,62.43
Austria,AUT,1965,62.48
Austria,AUT,1970,62.83
Austria,AUT,1975,63.55
Austria,AUT,1980,64.33
Austria,AUT,1985,65.74
Austria,AUT,1990,66.77
Austria,AUT,1995,67.9
Austria,AUT,2000,69.28
Austria,AUT,2005,70.48
Austria,AUT,2010,71.43
Austria,AUT,2015,72.35
Austria,AUT,2020,73.27
Azerbaijan,AZE,1950,60.81
Azerbaijan,AZE,1955,62.01
Azerbaijan,AZE,1960,63.25
Azerbaijan,AZE,1965,64.47
Azerbaijan,AZE,1970,65.34
Azerbaijan,AZE,1975,64.63
Azerbaijan,AZE,1980,64.18
Azerbaijan,AZE,1985,64.68
Azerbaijan,AZE,1990,61.23
Azerbaijan,AZE,1995,62.1
Azerbaijan,AZE,2000,62.31
Azerbaijan,AZE,2005,63.71
Azerbaijan,AZE,2010,64.26
Azerbaijan,AZE,2015,64.5
Azerbaijan,AZE,2020,64.75
Bahamas,BHS,1950,57.08
Bahamas,BHS,1955,57.92
Bahamas,BHS,1960,58.69
Bahamas,BHS,1965,59.42
Bahamas,BHS,1970,60.16
Bahamas,BHS,1975,60.88
Bahamas,BHS,1980,61.57
Bahamas,BHS,1985,62.29
Bahamas,BHS,1990,62.93
Bahamas,BHS,1995,63.35
Bahamas,BHS,2000,64.57
Bahamas,BHS,2005,65.54
Bahamas,BHS,2010,66.24
Bahamas,BHS,2015,66.92
Bahamas,BHS,2020,67.62
Bahrain,BHR,1950,50.04
Bahrain,BHR,1955,53.63
Bahrain,BHR,1960,56.37
Bahrain,BHR,1965,58.48
Bahrain,BHR,1970,60.15
Bahrain,BHR,1975,61.44
Bahrain,BHR,1980,62.62
Bahrain,BHR,1985,63.54
Bahrain,BHR,1990,64.38
Bahrain,BHR,1995,65.16
Bahrain,BHR,2000,65.94
Bahrain,BHR,2005,66.55
Bahrain,BHR,2010,67.16
Bahrain,BHR,2015,67.74
Bahrain,BHR,2020,68.36
Bangladesh,BGD,1950,51.82
Bangladesh,BGD,1955,52.93
Bangladesh,BGD,1960,54.01
Bangladesh,BGD,1965,55.05
Bangladesh,BGD,1970,55.57
Bangladesh,BGD,1975,56.87
Bangladesh,BGD,1980,57.56
Bangladesh,BGD,1985,58.44
Bangladesh,BGD,1990,59.49
Bangladesh,BGD,1995,61.43
Bangladesh,BGD,2000,62.56
Bangladesh,BGD,2005,63.45
Bangladesh,BGD,2010,64.3
Bangladesh,BGD,2015,65.48
Bangladesh,BGD,2020,66.5
Barbados,BRB,1950,55.73
Barbados,BRB,1955,56.97
Barbados,BRB,1960,58.14
Barbados,BRB,1965,59.19
Barbados,BRB,1970,60.13
Barbados,BRB,1975,61.06
Barbados,BRB,1980,61.99
Barbados,BRB,1985,62.84
Barbados,BRB,1990,63.61
Barbados,BRB,1995,64.32
Barbados,BRB,2000,64.99
Barbados,BRB,2005,65.63
Barbados,BRB,2010,66.3
Barbados,BRB,2015,66.96
Barbados,BRB,2020,67.66
Belarus,BLR,1950,59.94
Belarus,BLR,1955,61.63
Belarus,BLR,1960,62.46
Belarus,BLR,1965,62.72
Belarus,BLR,1970,62.55
Belarus,BLR,1975,62.45
Belarus,BLR,1980,61.94
Belarus,BLR,1985,62.93
Belarus,BLR,1990,60.85
Belarus,BLR,1995,58.76
Belarus,BLR,2000,58.75
Belarus,BLR,2005,59.89
Belarus,BLR,2010,61.53
Belarus,BLR,2015,62.06
Belarus,BLR,2020,62.6
Belgium,BEL,1750,NA
Belgium,BEL,1755,NA
Belgium,BEL,1760,NA
Belgium,BEL,1765,NA
Belgium,BEL,1770,NA
Belgium,BEL,1775,NA
Belgium,BEL,1780,NA
Belgium,BEL,1785,NA
Belgium,BEL,1790,NA
Belgium,BEL,1795,NA
Belgium,BEL,1800,NA
Belgium,BEL,1805,NA
Belgium,BEL,1810,NA
Belgium,BEL,1815,NA
Belgium,BEL,1820,NA
Belgium,BEL,1825,NA
Belgium,BEL,1830,NA
Belgium,BEL,1835,NA
Belgium,BEL,1840,47.55
Belgium,BEL,1845,44.14
Belgium,BEL,1850,47.88
Belgium,BEL,1855,47.59
Belgium,BEL,1860,49.25
Belgium,BEL,1865,47.15
Belgium,BEL,1870,48.1
Belgium,BEL,1875,49.43
Belgium,BEL,1880,49.95
Belgium,BEL,1885,50.64
Belgium,BEL,1890,50.37
Belgium,BEL,1895,52.25
Belgium,BEL,1900,52.84
Belgium,BEL,1905,53.62
Belgium,BEL,1910,54.2
Belgium,BEL,1915,52.07
Belgium,BEL,1920,55.35
Belgium,BEL,1925,55.71
Belgium,BEL,1930,56.71
Belgium,BEL,1935,57.35
Belgium,BEL,1940,55.48
Belgium,BEL,1945,58.93
Belgium,BEL,1950,61.51
Belgium,BEL,1955,62.46
Belgium,BEL,1960,62.64
Belgium,BEL,1965,62.71
Belgium,BEL,1970,63.14
Belgium,BEL,1975,63.88
Belgium,BEL,1980,64.88
Belgium,BEL,1985,66.03
Belgium,BEL,1990,67.12
Belgium,BEL,1995,67.87
Belgium,BEL,2000,68.73
Belgium,BEL,2005,69.92
Belgium,BEL,2010,70.89
Belgium,BEL,2015,71.74
Belgium,BEL,2020,72.62
Belize,BLZ,1950,55.75
Belize,BLZ,1955,57.45
Belize,BLZ,1960,59.21
Belize,BLZ,1965,61.08
Belize,BLZ,1970,62.73
Belize,BLZ,1975,63.74
Belize,BLZ,1980,64.36
Belize,BLZ,1985,64.93
Belize,BLZ,1990,63.45
Belize,BLZ,1995,60.79
Belize,BLZ,2000,60.44
Belize,BLZ,2005,61.19
Belize,BLZ,2010,61.2
Belize,BLZ,2015,61.72
Belize,BLZ,2020,62.26
Benin,BEN,1950,43.77
Benin,BEN,1955,45.16
Benin,BEN,1960,46.4
Benin,BEN,1965,47.99
Benin,BEN,1970,49.71
Benin,BEN,1975,51.09
Benin,BEN,1980,52
Benin,BEN,1985,54.59
Benin,BEN,1990,56.5
Benin,BEN,1995,55.24
Benin,BEN,2000,55.37
Benin,BEN,2005,56.59
Benin,BEN,2010,57.08
Benin,BEN,2015,57.64
Benin,BEN,2020,58.16
Bhutan,BTN,1950,40.15
Bhutan,BTN,1955,40.78
Bhutan,BTN,1960,41.55
Bhutan,BTN,1965,42.39
Bhutan,BTN,1970,44.31
Bhutan,BTN,1975,46.63
Bhutan,BTN,1980,48.74
Bhutan,BTN,1985,50.85
Bhutan,BTN,1990,53.26
Bhutan,BTN,1995,55.75
Bhutan,BTN,2000,58.24
Bhutan,BTN,2005,60.75
Bhutan,BTN,2010,62.13
Bhutan,BTN,2015,63.38
Bhutan,BTN,2020,64.44
Bolivia,BOL,1950,48.44
Bolivia,BOL,1955,49
Bolivia,BOL,1960,49.54
Bolivia,BOL,1965,50.05
Bolivia,BOL,1970,50.58
Bolivia,BOL,1975,51.59
Bolivia,BOL,1980,53.06
Bolivia,BOL,1985,54.62
Bolivia,BOL,1990,56.27
Bolivia,BOL,1995,58
Bolivia,BOL,2000,59.79
Bolivia,BOL,2005,61.63
Bolivia,BOL,2010,63.58
Bolivia,BOL,2015,64.48
Bolivia,BOL,2020,65.21
Bosnia and Herzegovina,BIH,1950,57.42
Bosnia and Herzegovina,BIH,1955,58.64
Bosnia and Herzegovina,BIH,1960,59.49
Bosnia and Herzegovina,BIH,1965,60.5
Bosnia and Herzegovina,BIH,1970,61.6
Bosnia and Herzegovina,BIH,1975,62.76
Bosnia and Herzegovina,BIH,1980,62.97
Bosnia and Herzegovina,BIH,1985,63.54
Bosnia and Herzegovina,BIH,1990,61.78
Bosnia and Herzegovina,BIH,1995,64.6
Bosnia and Herzegovina,BIH,2000,65.75
Bosnia and Herzegovina,BIH,2005,66.37
Bosnia and Herzegovina,BIH,2010,67.01
Bosnia and Herzegovina,BIH,2015,67.67
Bosnia and Herzegovina,BIH,2020,68.39
Botswana,BWA,1950,50.59
Botswana,BWA,1955,51.62
Botswana,BWA,1960,52.6
Botswana,BWA,1965,53.53
Botswana,BWA,1970,54.96
Botswana,BWA,1975,56.7
Botswana,BWA,1980,58.02
Botswana,BWA,1985,58.52
Botswana,BWA,1990,56.08
Botswana,BWA,1995,46.65
Botswana,BWA,2000,43.41
Botswana,BWA,2005,54.41
Botswana,BWA,2010,57.01
Botswana,BWA,2015,57.17
Botswana,BWA,2020,58.45
Brazil,BRA,1950,53.42
Brazil,BRA,1955,54.68
Brazil,BRA,1960,56.28
Brazil,BRA,1965,57.76
Brazil,BRA,1970,58.77
Brazil,BRA,1975,58.67
Brazil,BRA,1980,58.7
Brazil,BRA,1985,59.03
Brazil,BRA,1990,59.93
Brazil,BRA,1995,61.97
Brazil,BRA,2000,63.73
Brazil,BRA,2005,64.83
Brazil,BRA,2010,65.99
Brazil,BRA,2015,66.99
Brazil,BRA,2020,68.01
Brunei,BRN,1950,56.14
Brunei,BRN,1955,57.53
Brunei,BRN,1960,58.67
Brunei,BRN,1965,59.87
Brunei,BRN,1970,61
Brunei,BRN,1975,62.01
Brunei,BRN,1980,62.96
Brunei,BRN,1985,63.94
Brunei,BRN,1990,64.86
Brunei,BRN,1995,65.75
Brunei,BRN,2000,66.59
Brunei,BRN,2005,67.39
Brunei,BRN,2010,68.9
Brunei,BRN,2015,69.92
Brunei,BRN,2020,70.88
Bulgaria,BGR,1750,NA
Bulgaria,BGR,1755,NA
Bulgaria,BGR,1760,NA
Bulgaria,BGR,1765,NA
Bulgaria,BGR,1770,NA
Bulgaria,BGR,1775,NA
Bulgaria,BGR,1780,NA
Bulgaria,BGR,1785,NA
Bulgaria,BGR,1790,NA
Bulgaria,BGR,1795,NA
Bulgaria,BGR,1800,NA
Bulgaria,BGR,1805,NA
Bulgaria,BGR,1810,NA
Bulgaria,BGR,1815,NA
Bulgaria,BGR,1820,NA
Bulgaria,BGR,1825,NA
Bulgaria,BGR,1830,NA
Bulgaria,BGR,1835,NA
Bulgaria,BGR,1840,NA
Bulgaria,BGR,1845,NA
Bulgaria,BGR,1850,NA
Bulgaria,BGR,1855,NA
Bulgaria,BGR,1860,NA
Bulgaria,BGR,1865,NA
Bulgaria,BGR,1870,NA
Bulgaria,BGR,1875,NA
Bulgaria,BGR,1880,NA
Bulgaria,BGR,1885,NA
Bulgaria,BGR,1890,NA
Bulgaria,BGR,1895,NA
Bulgaria,BGR,1900,NA
Bulgaria,BGR,1905,NA
Bulgaria,BGR,1910,NA
Bulgaria,BGR,1915,NA
Bulgaria,BGR,1920,NA
Bulgaria,BGR,1925,NA
Bulgaria,BGR,1930,NA
Bulgaria,BGR,1935,NA
Bulgaria,BGR,1940,NA
Bulgaria,BGR,1945,57.63
Bulgaria,BGR,1950,60.71
Bulgaria,BGR,1955,62.61
Bulgaria,BGR,1960,63.66
Bulgaria,BGR,1965,63.79
Bulgaria,BGR,1970,63.5
Bulgaria,BGR,1975,63.2
Bulgaria,BGR,1980,63.02
Bulgaria,BGR,1985,62.8
Bulgaria,BGR,1990,62.66
Bulgaria,BGR,1995,62.38
Bulgaria,BGR,2000,63.3
Bulgaria,BGR,2005,63.91
Bulgaria,BGR,2010,64.92
Bulgaria,BGR,2015,65.33
Bulgaria,BGR,2020,65.79
Burkina Faso,BFA,1950,41.72
Burkina Faso,BFA,1955,43.28
Burkina Faso,BFA,1960,44.77
Burkina Faso,BFA,1965,46.18
Burkina Faso,BFA,1970,47.72
Burkina Faso,BFA,1975,49.84
Burkina Faso,BFA,1980,53.65
Burkina Faso,BFA,1985,53.72
Burkina Faso,BFA,1990,52.97
Burkina Faso,BFA,1995,52.66
Burkina Faso,BFA,2000,53.41
Burkina Faso,BFA,2005,54.85
Burkina Faso,BFA,2010,55.95
Burkina Faso,BFA,2015,56.88
Burkina Faso,BFA,2020,57.75
Burundi,BDI,1950,46.66
Burundi,BDI,1955,47.5
Burundi,BDI,1960,48.35
Burundi,BDI,1965,49.18
Burundi,BDI,1970,49.56
Burundi,BDI,1975,50.77
Burundi,BDI,1980,51.56
Burundi,BDI,1985,52.15
Burundi,BDI,1990,51.17
Burundi,BDI,1995,52.56
Burundi,BDI,2000,52.62
Burundi,BDI,2005,53.49
Burundi,BDI,2010,55.11
Burundi,BDI,2015,56.34
Burundi,BDI,2020,57.38
Cambodia,KHM,1950,43.09
Cambodia,KHM,1955,43.3
Cambodia,KHM,1960,43.57
Cambodia,KHM,1965,44.03
Cambodia,KHM,1970,40.19
Cambodia,KHM,1975,19.48
Cambodia,KHM,1980,48.23
Cambodia,KHM,1985,50.58
Cambodia,KHM,1990,52.92
Cambodia,KHM,1995,55.18
Cambodia,KHM,2000,57.33
Cambodia,KHM,2005,59.52
Cambodia,KHM,2010,60.73
Cambodia,KHM,2015,62.14
Cambodia,KHM,2020,63.51
Cameroon,CMR,1950,46.36
Cameroon,CMR,1955,47.43
Cameroon,CMR,1960,48.68
Cameroon,CMR,1965,49.88
Cameroon,CMR,1970,51.23
Cameroon,CMR,1975,52.53
Cameroon,CMR,1980,53.62
Cameroon,CMR,1985,54.15
Cameroon,CMR,1990,53.94
Cameroon,CMR,1995,52.46
Cameroon,CMR,2000,50.98
Cameroon,CMR,2005,51.8
Cameroon,CMR,2010,53.07
Cameroon,CMR,2015,54.32
Cameroon,CMR,2020,55.59
Canada,CAN,1750,NA
Canada,CAN,1755,NA
Canada,CAN,1760,NA
Canada,CAN,1765,NA
Canada,CAN,1770,NA
Canada,CAN,1775,NA
Canada,CAN,1780,NA
Canada,CAN,1785,NA
Canada,CAN,1790,NA
Canada,CAN,1795,NA
Canada,CAN,1800,NA
Canada,CAN,1805,NA
Canada,CAN,1810,NA
Canada,CAN,1815,NA
Canada,CAN,1820,NA
Canada,CAN,1825,NA
Canada,CAN,1830,NA
Canada,CAN,1835,NA
Canada,CAN,1840,NA
Canada,CAN,1845,NA
Canada,CAN,1850,NA
Canada,CAN,1855,NA
Canada,CAN,1860,NA
Canada,CAN,1865,NA
Canada,CAN,1870,NA
Canada,CAN,1875,NA
Canada,CAN,1880,NA
Canada,CAN,1885,NA
Canada,CAN,1890,NA
Canada,CAN,1895,NA
Canada,CAN,1900,NA
Canada,CAN,1905,NA
Canada,CAN,1910,NA
Canada,CAN,1915,NA
Canada,CAN,1920,57.43
Canada,CAN,1925,57.5
Canada,CAN,1930,58.78
Canada,CAN,1935,59.35
Canada,CAN,1940,60.01
Canada,CAN,1945,61.29
Canada,CAN,1950,62.39
Canada,CAN,1955,63.17
Canada,CAN,1960,63.7
Canada,CAN,1965,64.08
Canada,CAN,1970,64.56
Canada,CAN,1975,65.44
Canada,CAN,1980,66.69
Canada,CAN,1985,67.51
Canada,CAN,1990,68.37
Canada,CAN,1995,69.06
Canada,CAN,2000,70.21
Canada,CAN,2005,71.18
Canada,CAN,2010,72.25
Canada,CAN,2015,73.05
Canada,CAN,2020,73.85
Cape Verde,CPV,1950,50.74
Cape Verde,CPV,1955,51.11
Cape Verde,CPV,1960,51.46
Cape Verde,CPV,1965,52.99
Cape Verde,CPV,1970,54.58
Cape Verde,CPV,1975,56.46
Cape Verde,CPV,1980,58.35
Cape Verde,CPV,1985,59.64
Cape Verde,CPV,1990,60.72
Cape Verde,CPV,1995,62.09
Cape Verde,CPV,2000,63.24
Cape Verde,CPV,2005,64.48
Cape Verde,CPV,2010,64.86
Cape Verde,CPV,2015,65.81
Cape Verde,CPV,2020,66.74
Central African Republic,CAF,1950,43.43
Central African Republic,CAF,1955,44.62
Central African Republic,CAF,1960,45.8
Central African Republic,CAF,1965,47.26
Central African Republic,CAF,1970,49.36
Central African Republic,CAF,1975,51.34
Central African Republic,CAF,1980,52.32
Central African Republic,CAF,1985,52.06
Central African Republic,CAF,1990,50.33
Central African Republic,CAF,1995,47.54
Central African Republic,CAF,2000,45.65
Central African Republic,CAF,2005,47.2
Central African Republic,CAF,2010,49.69
Central African Republic,CAF,2015,52.69
Central African Republic,CAF,2020,54.47
Chad,TCD,1950,44.96
Chad,TCD,1955,45.7
Chad,TCD,1960,46.46
Chad,TCD,1965,47.26
Chad,TCD,1970,48.61
Chad,TCD,1975,49.41
Chad,TCD,1980,50.16
Chad,TCD,1985,50.67
Chad,TCD,1990,50.61
Chad,TCD,1995,50.4
Chad,TCD,2000,49.85
Chad,TCD,2005,50.48
Chad,TCD,2010,51.93
Chad,TCD,2015,52.52
Chad,TCD,2020,53.2
Channel Islands,OWID_CIS,1950,62.29
Channel Islands,OWID_CIS,1955,63.13
Channel Islands,OWID_CIS,1960,63.47
Channel Islands,OWID_CIS,1965,63.95
Channel Islands,OWID_CIS,1970,64.29
Channel Islands,OWID_CIS,1975,64.87
Channel Islands,OWID_CIS,1980,65.76
Channel Islands,OWID_CIS,1985,66.46
Channel Islands,OWID_CIS,1990,67.4
Channel Islands,OWID_CIS,1995,68.17
Channel Islands,OWID_CIS,2000,69.28
Channel Islands,OWID_CIS,2005,70.5
Channel Islands,OWID_CIS,2010,71.25
Channel Islands,OWID_CIS,2015,71.94
Channel Islands,OWID_CIS,2020,72.66
Chile,CHL,1950,55.98
Chile,CHL,1955,57.45
Chile,CHL,1960,58.71
Chile,CHL,1965,59.49
Chile,CHL,1970,60.22
Chile,CHL,1975,61.55
Chile,CHL,1980,62.84
Chile,CHL,1985,64.35
Chile,CHL,1990,65.91
Chile,CHL,1995,67.51
Chile,CHL,2000,69.17
Chile,CHL,2005,70.79
Chile,CHL,2010,72.32
Chile,CHL,2015,73.58
Chile,CHL,2020,74.57
China,CHN,1950,46.43
China,CHN,1955,46.83
China,CHN,1960,47.38
China,CHN,1965,54.88
China,CHN,1970,58.73
China,CHN,1975,60.84
China,CHN,1980,61.9
China,CHN,1985,62.82
China,CHN,1990,63.27
China,CHN,1995,63.91
China,CHN,2000,65.3
China,CHN,2005,66.07
China,CHN,2010,66.58
China,CHN,2015,67.46
China,CHN,2020,68.35
Colombia,COL,1950,53.3
Colombia,COL,1955,55.86
Colombia,COL,1960,57.28
Colombia,COL,1965,58.35
Colombia,COL,1970,59.15
Colombia,COL,1975,59.92
Colombia,COL,1980,61.32
Colombia,COL,1985,61.63
Colombia,COL,1990,61.5
Colombia,COL,1995,62.84
Colombia,COL,2000,63.91
Colombia,COL,2005,64.98
Colombia,COL,2010,65.76
Colombia,COL,2015,66.49
Colombia,COL,2020,67.21
Comoros,COM,1950,45.53
Comoros,COM,1955,46.52
Comoros,COM,1960,47.65
Comoros,COM,1965,48.77
Comoros,COM,1970,50.08
Comoros,COM,1975,51.23
Comoros,COM,1980,52.88
Comoros,COM,1985,54.47
Comoros,COM,1990,55.82
Comoros,COM,1995,56.62
Comoros,COM,2000,56.78
Comoros,COM,2005,57.48
Comoros,COM,2010,58.54
Comoros,COM,2015,59.29
Comoros,COM,2020,59.97
Congo,COG,1950,48.94
Congo,COG,1955,50.94
Congo,COG,1960,52.59
Congo,COG,1965,53.78
Congo,COG,1970,54.62
Congo,COG,1975,55.31
Congo,COG,1980,55.74
Congo,COG,1985,54.84
Congo,COG,1990,52.48
Congo,COG,1995,50.16
Congo,COG,2000,50.12
Congo,COG,2005,53.64
Congo,COG,2010,57.1
Congo,COG,2015,58.79
Congo,COG,2020,60.31
Costa Rica,CRI,1950,56.75
Costa Rica,CRI,1955,58.27
Costa Rica,CRI,1960,60.68
Costa Rica,CRI,1965,62.14
Costa Rica,CRI,1970,63.19
Costa Rica,CRI,1975,63.84
Costa Rica,CRI,1980,65.56
Costa Rica,CRI,1985,66.75
Costa Rica,CRI,1990,67.52
Costa Rica,CRI,1995,68.3
Costa Rica,CRI,2000,68.95
Costa Rica,CRI,2005,69.46
Costa Rica,CRI,2010,70.14
Costa Rica,CRI,2015,71.04
Costa Rica,CRI,2020,71.86
Cote d'Ivoire,CIV,1950,45.44
Cote d'Ivoire,CIV,1955,46.44
Cote d'Ivoire,CIV,1960,47.42
Cote d'Ivoire,CIV,1965,48.07
Cote d'Ivoire,CIV,1970,50.34
Cote d'Ivoire,CIV,1975,52.05
Cote d'Ivoire,CIV,1980,53.23
Cote d'Ivoire,CIV,1985,53.83
Cote d'Ivoire,CIV,1990,52.17
Cote d'Ivoire,CIV,1995,48
Cote d'Ivoire,CIV,2000,46.4
Cote d'Ivoire,CIV,2005,48.33
Cote d'Ivoire,CIV,2010,49.19
Cote d'Ivoire,CIV,2015,50.14
Cote d'Ivoire,CIV,2020,51.31
Croatia,HRV,1950,58.48
Croatia,HRV,1955,59.09
Croatia,HRV,1960,59.63
Croatia,HRV,1965,60.27
Croatia,HRV,1970,61.12
Croatia,HRV,1975,61.75
Croatia,HRV,1980,62.17
Croatia,HRV,1985,63.09
Croatia,HRV,1990,63.75
Croatia,HRV,1995,65.26
Croatia,HRV,2000,65.57
Croatia,HRV,2005,66.67
Croatia,HRV,2010,67.48
Croatia,HRV,2015,68.3
Croatia,HRV,2020,69.13
Cuba,CUB,1950,57.42
Cuba,CUB,1955,59.21
Cuba,CUB,1960,61.02
Cuba,CUB,1965,62.94
Cuba,CUB,1970,64.36
Cuba,CUB,1975,65.28
Cuba,CUB,1980,65.99
Cuba,CUB,1985,66.05
Cuba,CUB,1990,65.97
Cuba,CUB,1995,67.07
Cuba,CUB,2000,67.84
Cuba,CUB,2005,69.3
Cuba,CUB,2010,69.77
Cuba,CUB,2015,70.59
Cuba,CUB,2020,71.41
Curacao,CUW,1950,57.08
Curacao,CUW,1955,59.14
Curacao,CUW,1960,60.48
Curacao,CUW,1965,61.49
Curacao,CUW,1970,62.55
Curacao,CUW,1975,64.22
Curacao,CUW,1980,65.36
Curacao,CUW,1985,66.05
Curacao,CUW,1990,65.99
Curacao,CUW,1995,66.05
Curacao,CUW,2000,66.4
Curacao,CUW,2005,67.42
Curacao,CUW,2010,68.79
Curacao,CUW,2015,69.51
Curacao,CUW,2020,70.28
Cyprus,CYP,1950,62.82
Cyprus,CYP,1955,63.54
Cyprus,CYP,1960,64.24
Cyprus,CYP,1965,64.91
Cyprus,CYP,1970,65.54
Cyprus,CYP,1975,66.14
Cyprus,CYP,1980,66.73
Cyprus,CYP,1985,67.29
Cyprus,CYP,1990,67.84
Cyprus,CYP,1995,68.38
Cyprus,CYP,2000,68.9
Cyprus,CYP,2005,69.39
Cyprus,CYP,2010,70.32
Cyprus,CYP,2015,71.12
Cyprus,CYP,2020,71.92
Czechia,CZE,1950,60.37
Czechia,CZE,1955,61.66
Czechia,CZE,1960,62.23
Czechia,CZE,1965,62
Czechia,CZE,1970,61.71
Czechia,CZE,1975,62.2
Czechia,CZE,1980,62.01
Czechia,CZE,1985,62.46
Czechia,CZE,1990,63.19
Czechia,CZE,1995,64.65
Czechia,CZE,2000,65.85
Czechia,CZE,2005,67.19
Czechia,CZE,2010,68.62
Czechia,CZE,2015,69.34
Czechia,CZE,2020,70.08
Democratic Republic of Congo,COD,1950,46.7
Democratic Republic of Congo,COD,1955,47.54
Democratic Republic of Congo,COD,1960,48.14
Democratic Republic of Congo,COD,1965,48.89
Democratic Republic of Congo,COD,1970,49.87
Democratic Republic of Congo,COD,1975,50.34
Democratic Republic of Congo,COD,1980,51.11
Democratic Republic of Congo,COD,1985,51.65
Democratic Republic of Congo,COD,1990,52.31
Democratic Republic of Congo,COD,1995,51.96
Democratic Republic of Congo,COD,2000,53.44
Democratic Republic of Congo,COD,2005,55.33
Democratic Republic of Congo,COD,2010,56.72
Democratic Republic of Congo,COD,2015,57.68
Democratic Republic of Congo,COD,2020,58.64
Denmark,DNK,1750,NA
Denmark,DNK,1755,NA
Denmark,DNK,1760,NA
Denmark,DNK,1765,NA
Denmark,DNK,1770,NA
Denmark,DNK,1775,NA
Denmark,DNK,1780,NA
Denmark,DNK,1785,NA
Denmark,DNK,1790,NA
Denmark,DNK,1795,NA
Denmark,DNK,1800,NA
Denmark,DNK,1805,NA
Denmark,DNK,1810,NA
Denmark,DNK,1815,NA
Denmark,DNK,1820,NA
Denmark,DNK,1825,NA
Denmark,DNK,1830,NA
Denmark,DNK,1835,47.66
Denmark,DNK,1840,48.6
Denmark,DNK,1845,48.24
Denmark,DNK,1850,49
Denmark,DNK,1855,49.21
Denmark,DNK,1860,49.65
Denmark,DNK,1865,49.71
Denmark,DNK,1870,49.97
Denmark,DNK,1875,50.49
Denmark,DNK,1880,51.37
Denmark,DNK,1885,51.81
Denmark,DNK,1890,51.89
Denmark,DNK,1895,53.93
Denmark,DNK,1900,54.58
Denmark,DNK,1905,55.57
Denmark,DNK,1910,56.58
Denmark,DNK,1915,55.25
Denmark,DNK,1920,57.86
Denmark,DNK,1925,58.69
Denmark,DNK,1930,59.11
Denmark,DNK,1935,59.86
Denmark,DNK,1940,61.04
Denmark,DNK,1945,62.01
Denmark,DNK,1950,63.52
Denmark,DNK,1955,64.22
Denmark,DNK,1960,64.33
Denmark,DNK,1965,64.46
Denmark,DNK,1970,64.85
Denmark,DNK,1975,65.23
Denmark,DNK,1980,65.24
Denmark,DNK,1985,65.56
Denmark,DNK,1990,65.9
Denmark,DNK,1995,66.55
Denmark,DNK,2000,67.74
Denmark,DNK,2005,68.95
Denmark,DNK,2010,70.35
Denmark,DNK,2015,71.11
Denmark,DNK,2020,71.86
Djibouti,DJI,1950,47.76
Djibouti,DJI,1955,48.82
Djibouti,DJI,1960,50.06
Djibouti,DJI,1965,51.19
Djibouti,DJI,1970,52.97
Djibouti,DJI,1975,53.8
Djibouti,DJI,1980,54.9
Djibouti,DJI,1985,55.66
Djibouti,DJI,1990,55.89
Djibouti,DJI,1995,55.21
Djibouti,DJI,2000,54.99
Djibouti,DJI,2005,56.33
Djibouti,DJI,2010,58
Djibouti,DJI,2015,58.63
Djibouti,DJI,2020,59.23
Dominican Republic,DOM,1950,52.37
Dominican Republic,DOM,1955,54.62
Dominican Republic,DOM,1960,56.6
Dominican Republic,DOM,1965,58.27
Dominican Republic,DOM,1970,59.18
Dominican Republic,DOM,1975,59.55
Dominican Republic,DOM,1980,60.28
Dominican Republic,DOM,1985,61.82
Dominican Republic,DOM,1990,63.18
Dominican Republic,DOM,1995,63.61
Dominican Republic,DOM,2000,64.07
Dominican Republic,DOM,2005,64.77
Dominican Republic,DOM,2010,65.44
Dominican Republic,DOM,2015,66.12
Dominican Republic,DOM,2020,66.73
Ecuador,ECU,1950,52.58
Ecuador,ECU,1955,54.76
Ecuador,ECU,1960,57.16
Ecuador,ECU,1965,57.99
Ecuador,ECU,1970,58.84
Ecuador,ECU,1975,60.24
Ecuador,ECU,1980,61.69
Ecuador,ECU,1985,63.14
Ecuador,ECU,1990,64.45
Ecuador,ECU,1995,65.6
Ecuador,ECU,2000,66.47
Ecuador,ECU,2005,66.94
Ecuador,ECU,2010,67.66
Ecuador,ECU,2015,68.62
Ecuador,ECU,2020,69.47
Egypt,EGY,1950,57.39
Egypt,EGY,1955,58.03
Egypt,EGY,1960,58.57
Egypt,EGY,1965,59.14
Egypt,EGY,1970,59.71
Egypt,EGY,1975,60.2
Egypt,EGY,1980,60.63
Egypt,EGY,1985,61.02
Egypt,EGY,1990,61.39
Egypt,EGY,1995,61.68
Egypt,EGY,2000,61.93
Egypt,EGY,2005,62.21
Egypt,EGY,2010,62.74
Egypt,EGY,2015,63.37
Egypt,EGY,2020,64.05
El Salvador,SLV,1950,48.56
El Salvador,SLV,1955,52.31
El Salvador,SLV,1960,55.32
El Salvador,SLV,1965,56.42
El Salvador,SLV,1970,57.16
El Salvador,SLV,1975,56.41
El Salvador,SLV,1980,55.66
El Salvador,SLV,1985,57.85
El Salvador,SLV,1990,59.95
El Salvador,SLV,1995,60.67
El Salvador,SLV,2000,61.71
El Salvador,SLV,2005,63.02
El Salvador,SLV,2010,64.2
El Salvador,SLV,2015,65.21
El Salvador,SLV,2020,66.12
Equatorial Guinea,GNQ,1950,44.03
Equatorial Guinea,GNQ,1955,44.89
Equatorial Guinea,GNQ,1960,45.76
Equatorial Guinea,GNQ,1965,46.61
Equatorial Guinea,GNQ,1970,47.48
Equatorial Guinea,GNQ,1975,48.35
Equatorial Guinea,GNQ,1980,50.24
Equatorial Guinea,GNQ,1985,51.06
Equatorial Guinea,GNQ,1990,51.99
Equatorial Guinea,GNQ,1995,52.81
Equatorial Guinea,GNQ,2000,52.98
Equatorial Guinea,GNQ,2005,53.71
Equatorial Guinea,GNQ,2010,55.17
Equatorial Guinea,GNQ,2015,55.66
Equatorial Guinea,GNQ,2020,56.43
Eritrea,ERI,1950,41.68
Eritrea,ERI,1955,42.13
Eritrea,ERI,1960,42.57
Eritrea,ERI,1965,43
Eritrea,ERI,1970,43.42
Eritrea,ERI,1975,43.82
Eritrea,ERI,1980,44.22
Eritrea,ERI,1985,45.94
Eritrea,ERI,1990,48.43
Eritrea,ERI,1995,51.23
Eritrea,ERI,2000,53.08
Eritrea,ERI,2005,54.91
Eritrea,ERI,2010,57.33
Eritrea,ERI,2015,58.56
Eritrea,ERI,2020,59.7
Estonia,EST,1950,59.93
Estonia,EST,1955,61.6
Estonia,EST,1960,62.35
Estonia,EST,1965,62.52
Estonia,EST,1970,62.29
Estonia,EST,1975,61.46
Estonia,EST,1980,61.28
Estonia,EST,1985,62.08
Estonia,EST,1990,60.03
Estonia,EST,1995,60.6
Estonia,EST,2000,62.36
Estonia,EST,2005,64.29
Estonia,EST,2010,66.9
Estonia,EST,2015,67.57
Estonia,EST,2020,68.28
Eswatini,SWZ,1950,47.27
Eswatini,SWZ,1955,48.4
Eswatini,SWZ,1960,49.29
Eswatini,SWZ,1965,50.19
Eswatini,SWZ,1970,51.67
Eswatini,SWZ,1975,53.16
Eswatini,SWZ,1980,54.95
Eswatini,SWZ,1985,56.14
Eswatini,SWZ,1990,55.74
Eswatini,SWZ,1995,50.01
Eswatini,SWZ,2000,42.9
Eswatini,SWZ,2005,44.01
Eswatini,SWZ,2010,44.75
Eswatini,SWZ,2015,43.3
Eswatini,SWZ,2020,44.48
Ethiopia,ETH,1950,43.81
Ethiopia,ETH,1955,45.3
Ethiopia,ETH,1960,47.22
Ethiopia,ETH,1965,48.38
Ethiopia,ETH,1970,49.16
Ethiopia,ETH,1975,49.57
Ethiopia,ETH,1980,49.13
Ethiopia,ETH,1985,50.51
Ethiopia,ETH,1990,51.09
Ethiopia,ETH,1995,51.39
Ethiopia,ETH,2000,52.19
Ethiopia,ETH,2005,55.88
Ethiopia,ETH,2010,58.88
Ethiopia,ETH,2015,60.55
Ethiopia,ETH,2020,61.84
Fiji,FJI,1950,52.07
Fiji,FJI,1955,53.11
Fiji,FJI,1960,54.1
Fiji,FJI,1965,55.07
Fiji,FJI,1970,55.98
Fiji,FJI,1975,56.8
Fiji,FJI,1980,57.44
Fiji,FJI,1985,58.05
Fiji,FJI,1990,58.65
Fiji,FJI,1995,59.25
Fiji,FJI,2000,59.8
Fiji,FJI,2005,60.54
Fiji,FJI,2010,61.29
Fiji,FJI,2015,61.89
Fiji,FJI,2020,62.54
Finland,FIN,1750,NA
Finland,FIN,1755,NA
Finland,FIN,1760,NA
Finland,FIN,1765,NA
Finland,FIN,1770,NA
Finland,FIN,1775,NA
Finland,FIN,1780,NA
Finland,FIN,1785,NA
Finland,FIN,1790,NA
Finland,FIN,1795,NA
Finland,FIN,1800,NA
Finland,FIN,1805,NA
Finland,FIN,1810,NA
Finland,FIN,1815,NA
Finland,FIN,1820,NA
Finland,FIN,1825,NA
Finland,FIN,1830,NA
Finland,FIN,1835,NA
Finland,FIN,1840,NA
Finland,FIN,1845,NA
Finland,FIN,1850,NA
Finland,FIN,1855,NA
Finland,FIN,1860,NA
Finland,FIN,1865,NA
Finland,FIN,1870,NA
Finland,FIN,1875,49.8
Finland,FIN,1880,49.41
Finland,FIN,1885,50.21
Finland,FIN,1890,49.9
Finland,FIN,1895,51.28
Finland,FIN,1900,50.51
Finland,FIN,1905,50.6
Finland,FIN,1910,51
Finland,FIN,1915,45.08
Finland,FIN,1920,51.12
Finland,FIN,1925,51.31
Finland,FIN,1930,52.55
Finland,FIN,1935,53.12
Finland,FIN,1940,45.75
Finland,FIN,1945,55.64
Finland,FIN,1950,59.2
Finland,FIN,1955,60.49
Finland,FIN,1960,60.88
Finland,FIN,1965,61.08
Finland,FIN,1970,61.99
Finland,FIN,1975,63.44
Finland,FIN,1980,64.93
Finland,FIN,1985,65.35
Finland,FIN,1990,66.22
Finland,FIN,1995,67.47
Finland,FIN,2000,68.64
Finland,FIN,2005,69.79
Finland,FIN,2010,70.8
Finland,FIN,2015,71.7
Finland,FIN,2020,72.63
France,FRA,1950,61.02
France,FRA,1955,62.17
France,FRA,1960,62.94
France,FRA,1965,63.22
France,FRA,1970,63.87
France,FRA,1975,64.68
France,FRA,1980,65.6
France,FRA,1985,66.77
France,FRA,1990,67.9
France,FRA,1995,68.8
France,FRA,2000,69.9
France,FRA,2005,71.23
France,FRA,2010,72.21
France,FRA,2015,73.15
France,FRA,2020,73.91
French Guiana,GUF,1950,53.33
French Guiana,GUF,1955,54.86
French Guiana,GUF,1960,56.66
French Guiana,GUF,1965,59.34
French Guiana,GUF,1970,60.15
French Guiana,GUF,1975,60.57
French Guiana,GUF,1980,62.21
French Guiana,GUF,1985,63.49
French Guiana,GUF,1990,64.7
French Guiana,GUF,1995,65.85
French Guiana,GUF,2000,67.44
French Guiana,GUF,2005,69.03
French Guiana,GUF,2010,69.92
French Guiana,GUF,2015,71.25
French Guiana,GUF,2020,72.42
French Polynesia,PYF,1950,47.49
French Polynesia,PYF,1955,51.78
French Polynesia,PYF,1960,53.39
French Polynesia,PYF,1965,54.97
French Polynesia,PYF,1970,56.23
French Polynesia,PYF,1975,57.18
French Polynesia,PYF,1980,58.97
French Polynesia,PYF,1985,59.58
French Polynesia,PYF,1990,60.96
French Polynesia,PYF,1995,62.35
French Polynesia,PYF,2000,63.98
French Polynesia,PYF,2005,65.76
French Polynesia,PYF,2010,66.74
French Polynesia,PYF,2015,67.73
French Polynesia,PYF,2020,68.78
Gabon,GAB,1950,45.48
Gabon,GAB,1955,46.62
Gabon,GAB,1960,47.46
Gabon,GAB,1965,49.78
Gabon,GAB,1970,51.92
Gabon,GAB,1975,54.01
Gabon,GAB,1980,56.17
Gabon,GAB,1985,58.1
Gabon,GAB,1990,58.1
Gabon,GAB,1995,56.95
Gabon,GAB,2000,55.38
Gabon,GAB,2005,56.57
Gabon,GAB,2010,58.44
Gabon,GAB,2015,60.13
Gabon,GAB,2020,61.32
Gambia,GMB,1950,40.95
Gambia,GMB,1955,41.7
Gambia,GMB,1960,42.44
Gambia,GMB,1965,43.49
Gambia,GMB,1970,46.33
Gambia,GMB,1975,48.99
Gambia,GMB,1980,51.4
Gambia,GMB,1985,53.19
Gambia,GMB,1990,53.42
Gambia,GMB,1995,53.97
Gambia,GMB,2000,54.64
Gambia,GMB,2005,55.37
Gambia,GMB,2010,56.05
Gambia,GMB,2015,56.8
Gambia,GMB,2020,57.5
Georgia,GEO,1950,56.95
Georgia,GEO,1955,58.42
Georgia,GEO,1960,59.9
Georgia,GEO,1965,61.35
Georgia,GEO,1970,62.3
Georgia,GEO,1975,63.57
Georgia,GEO,1980,63.37
Georgia,GEO,1985,63.97
Georgia,GEO,1990,63.81
Georgia,GEO,1995,64.12
Georgia,GEO,2000,65.09
Georgia,GEO,2005,65.47
Georgia,GEO,2010,65.95
Georgia,GEO,2015,66.52
Georgia,GEO,2020,67.14
Germany,DEU,1950,61.65
Germany,DEU,1955,62.28
Germany,DEU,1960,62.67
Germany,DEU,1965,62.76
Germany,DEU,1970,63.06
Germany,DEU,1975,63.78
Germany,DEU,1980,64.74
Germany,DEU,1985,65.83
Germany,DEU,1990,66.53
Germany,DEU,1995,67.73
Germany,DEU,2000,69.03
Germany,DEU,2005,70.16
Germany,DEU,2010,70.99
Germany,DEU,2015,71.82
Germany,DEU,2020,72.69
Ghana,GHA,1950,47.84
Ghana,GHA,1955,49.22
Ghana,GHA,1960,50.4
Ghana,GHA,1965,51.26
Ghana,GHA,1970,51.97
Ghana,GHA,1975,52.77
Ghana,GHA,1980,53.52
Ghana,GHA,1985,54.7
Ghana,GHA,1990,56.01
Ghana,GHA,1995,54.6
Ghana,GHA,2000,54.46
Ghana,GHA,2005,56.34
Ghana,GHA,2010,56.91
Ghana,GHA,2015,57.46
Ghana,GHA,2020,58.02
Greece,GRC,1950,60.09
Greece,GRC,1955,60.9
Greece,GRC,1960,62.61
Greece,GRC,1965,62.98
Greece,GRC,1970,64
Greece,GRC,1975,64.66
Greece,GRC,1980,65.82
Greece,GRC,1985,66.69
Greece,GRC,1990,68.2
Greece,GRC,1995,68.68
Greece,GRC,2000,69.56
Greece,GRC,2005,70.21
Greece,GRC,2010,70.91
Greece,GRC,2015,71.84
Greece,GRC,2020,72.77
Grenada,GRD,1950,56.62
Grenada,GRD,1955,57.28
Grenada,GRD,1960,57.91
Grenada,GRD,1965,58.49
Grenada,GRD,1970,59.01
Grenada,GRD,1975,59.5
Grenada,GRD,1980,59.98
Grenada,GRD,1985,60.44
Grenada,GRD,1990,60.88
Grenada,GRD,1995,61.33
Grenada,GRD,2000,62.22
Grenada,GRD,2005,63.14
Grenada,GRD,2010,64.26
Grenada,GRD,2015,64.86
Grenada,GRD,2020,65.5
Guadeloupe,GLP,1950,52.39
Guadeloupe,GLP,1955,54.29
Guadeloupe,GLP,1960,56.19
Guadeloupe,GLP,1965,58
Guadeloupe,GLP,1970,59.7
Guadeloupe,GLP,1975,61.37
Guadeloupe,GLP,1980,62.97
Guadeloupe,GLP,1985,64.51
Guadeloupe,GLP,1990,65.99
Guadeloupe,GLP,1995,67.41
Guadeloupe,GLP,2000,68.77
Guadeloupe,GLP,2005,70.09
Guadeloupe,GLP,2010,71.14
Guadeloupe,GLP,2015,72.43
Guadeloupe,GLP,2020,73.51
Guam,GUM,1950,55.31
Guam,GUM,1955,56.72
Guam,GUM,1960,58.13
Guam,GUM,1965,59.43
Guam,GUM,1970,60.62
Guam,GUM,1975,61.72
Guam,GUM,1980,62.7
Guam,GUM,1985,63.63
Guam,GUM,1990,64.51
Guam,GUM,1995,65.71
Guam,GUM,2000,67.22
Guam,GUM,2005,68.46
Guam,GUM,2010,69.68
Guam,GUM,2015,70.86
Guam,GUM,2020,72.03
Guatemala,GTM,1950,48.53
Guatemala,GTM,1955,49.96
Guatemala,GTM,1960,51.91
Guatemala,GTM,1965,53.64
Guatemala,GTM,1970,55.51
Guatemala,GTM,1975,56.16
Guatemala,GTM,1980,56.78
Guatemala,GTM,1985,57.93
Guatemala,GTM,1990,59.05
Guatemala,GTM,1995,60.82
Guatemala,GTM,2000,62.78
Guatemala,GTM,2005,63.39
Guatemala,GTM,2010,64.01
Guatemala,GTM,2015,64.81
Guatemala,GTM,2020,65.6
Guinea,GIN,1950,42.66
Guinea,GIN,1955,43.63
Guinea,GIN,1960,44.47
Guinea,GIN,1965,45.14
Guinea,GIN,1970,46.1
Guinea,GIN,1975,47.69
Guinea,GIN,1980,49.9
Guinea,GIN,1985,53.97
Guinea,GIN,1990,56.04
Guinea,GIN,1995,54.4
Guinea,GIN,2000,52.36
Guinea,GIN,2005,54.26
Guinea,GIN,2010,55.43
Guinea,GIN,2015,56.59
Guinea,GIN,2020,57.72
Guinea-Bissau,GNB,1950,44.19
Guinea-Bissau,GNB,1955,45.18
Guinea-Bissau,GNB,1960,46.23
Guinea-Bissau,GNB,1965,47.58
Guinea-Bissau,GNB,1970,48.9
Guinea-Bissau,GNB,1975,50.14
Guinea-Bissau,GNB,1980,51.51
Guinea-Bissau,GNB,1985,52.56
Guinea-Bissau,GNB,1990,53.71
Guinea-Bissau,GNB,1995,54.15
Guinea-Bissau,GNB,2000,54.15
Guinea-Bissau,GNB,2005,54.59
Guinea-Bissau,GNB,2010,55.34
Guinea-Bissau,GNB,2015,55.88
Guinea-Bissau,GNB,2020,56.51
Guyana,GUY,1950,55.82
Guyana,GUY,1955,56.3
Guyana,GUY,1960,56.75
Guyana,GUY,1965,57.17
Guyana,GUY,1970,57.38
Guyana,GUY,1975,57.64
Guyana,GUY,1980,57.88
Guyana,GUY,1985,58.01
Guyana,GUY,1990,58.08
Guyana,GUY,1995,58.42
Guyana,GUY,2000,58.78
Guyana,GUY,2005,59.1
Guyana,GUY,2010,59.4
Guyana,GUY,2015,59.71
Guyana,GUY,2020,60.08
Haiti,HTI,1950,47.28
Haiti,HTI,1955,48.36
Haiti,HTI,1960,49.36
Haiti,HTI,1965,50.31
Haiti,HTI,1970,51.2
Haiti,HTI,1975,52.47
Haiti,HTI,1980,53.26
Haiti,HTI,1985,53.81
Haiti,HTI,1990,54.38
Haiti,HTI,1995,54.92
Haiti,HTI,2000,55.21
Haiti,HTI,2005,56.71
Haiti,HTI,2010,58.28
Haiti,HTI,2015,59.2
Haiti,HTI,2020,60.09
Honduras,HND,1950,48.98
Honduras,HND,1955,50.53
Honduras,HND,1960,52.32
Honduras,HND,1965,53.94
Honduras,HND,1970,55.55
Honduras,HND,1975,57.12
Honduras,HND,1980,59.03
Honduras,HND,1985,61.07
Honduras,HND,1990,62.37
Honduras,HND,1995,63.81
Honduras,HND,2000,64.58
Honduras,HND,2005,65.45
Honduras,HND,2010,66.15
Honduras,HND,2015,66.8
Honduras,HND,2020,67.36
Hong Kong,HKG,1950,59.51
Hong Kong,HKG,1955,60.85
Hong Kong,HKG,1960,62.15
Hong Kong,HKG,1965,63.44
Hong Kong,HKG,1970,64.54
Hong Kong,HKG,1975,65.61
Hong Kong,HKG,1980,66.66
Hong Kong,HKG,1985,67.7
Hong Kong,HKG,1990,68.79
Hong Kong,HKG,1995,69.84
Hong Kong,HKG,2000,71.7
Hong Kong,HKG,2005,72.66
Hong Kong,HKG,2010,73.98
Hong Kong,HKG,2015,74.73
Hong Kong,HKG,2020,75.47
Hungary,HUN,1950,60
Hungary,HUN,1955,61.5
Hungary,HUN,1960,62.43
Hungary,HUN,1965,62.56
Hungary,HUN,1970,62.6
Hungary,HUN,1975,61.71
Hungary,HUN,1980,60.73
Hungary,HUN,1985,60.86
Hungary,HUN,1990,60.55
Hungary,HUN,1995,61.79
Hungary,HUN,2000,63.29
Hungary,HUN,2005,64.37
Hungary,HUN,2010,65.43
Hungary,HUN,2015,66
Hungary,HUN,2020,66.63
Iceland,ISL,1750,NA
Iceland,ISL,1755,NA
Iceland,ISL,1760,NA
Iceland,ISL,1765,NA
Iceland,ISL,1770,NA
Iceland,ISL,1775,NA
Iceland,ISL,1780,NA
Iceland,ISL,1785,NA
Iceland,ISL,1790,NA
Iceland,ISL,1795,NA
Iceland,ISL,1800,NA
Iceland,ISL,1805,NA
Iceland,ISL,1810,NA
Iceland,ISL,1815,NA
Iceland,ISL,1820,NA
Iceland,ISL,1825,NA
Iceland,ISL,1830,NA
Iceland,ISL,1835,42.79
Iceland,ISL,1840,43.28
Iceland,ISL,1845,45.33
Iceland,ISL,1850,50.96
Iceland,ISL,1855,46.49
Iceland,ISL,1860,40.25
Iceland,ISL,1865,41.62
Iceland,ISL,1870,44.33
Iceland,ISL,1875,47.8
Iceland,ISL,1880,44.3
Iceland,ISL,1885,48.45
Iceland,ISL,1890,48.52
Iceland,ISL,1895,50.48
Iceland,ISL,1900,50.87
Iceland,ISL,1905,50.9
Iceland,ISL,1910,53.11
Iceland,ISL,1915,51.76
Iceland,ISL,1920,52.31
Iceland,ISL,1925,55.38
Iceland,ISL,1930,56.6
Iceland,ISL,1935,57.94
Iceland,ISL,1940,58.94
Iceland,ISL,1945,62.36
Iceland,ISL,1950,64.28
Iceland,ISL,1955,64.98
Iceland,ISL,1960,65.27
Iceland,ISL,1965,65.08
Iceland,ISL,1970,65.34
Iceland,ISL,1975,67.31
Iceland,ISL,1980,67.46
Iceland,ISL,1985,68.18
Iceland,ISL,1990,69.03
Iceland,ISL,1995,69.42
Iceland,ISL,2000,70.87
Iceland,ISL,2005,71.63
Iceland,ISL,2010,72.55
Iceland,ISL,2015,73.35
Iceland,ISL,2020,74.13
India,IND,1950,42.47
India,IND,1955,44.84
India,IND,1960,47.46
India,IND,1965,50.37
India,IND,1970,53.09
India,IND,1975,54.95
India,IND,1980,55.81
India,IND,1985,56.3
India,IND,1990,57.62
India,IND,1995,58.85
India,IND,2000,59.62
India,IND,2005,60.43
India,IND,2010,61.51
India,IND,2015,62.45
India,IND,2020,63.3
Indonesia,IDN,1950,53.06
Indonesia,IDN,1955,53.93
Indonesia,IDN,1960,54.77
Indonesia,IDN,1965,55.58
Indonesia,IDN,1970,56.44
Indonesia,IDN,1975,57.55
Indonesia,IDN,1980,58.55
Indonesia,IDN,1985,59.03
Indonesia,IDN,1990,59.56
Indonesia,IDN,1995,60.09
Indonesia,IDN,2000,60.13
Indonesia,IDN,2005,60.46
Indonesia,IDN,2010,60.93
Indonesia,IDN,2015,61.6
Indonesia,IDN,2020,62.22
Iran,IRN,1950,50.16
Iran,IRN,1955,51.24
Iran,IRN,1960,52.17
Iran,IRN,1965,53.09
Iran,IRN,1970,54.13
Iran,IRN,1975,55.36
Iran,IRN,1980,47.46
Iran,IRN,1985,54.55
Iran,IRN,1990,60.74
Iran,IRN,1995,62.15
Iran,IRN,2000,63.51
Iran,IRN,2005,64.53
Iran,IRN,2010,66.46
Iran,IRN,2015,67.09
Iran,IRN,2020,67.66
Iraq,IRQ,1950,47.3
Iraq,IRQ,1955,50.39
Iraq,IRQ,1960,53.18
Iraq,IRQ,1965,55.5
Iraq,IRQ,1970,56.91
Iraq,IRQ,1975,57.62
Iraq,IRQ,1980,53
Iraq,IRQ,1985,58.27
Iraq,IRQ,1990,60.99
Iraq,IRQ,1995,62.59
Iraq,IRQ,2000,62.08
Iraq,IRQ,2005,61.05
Iraq,IRQ,2010,62.11
Iraq,IRQ,2015,62.58
Iraq,IRQ,2020,63.03
Ireland,IRL,1950,60.37
Ireland,IRL,1955,61.95
Ireland,IRL,1960,62.59
Ireland,IRL,1965,62.77
Ireland,IRL,1970,62.83
Ireland,IRL,1975,63.35
Ireland,IRL,1980,64.11
Ireland,IRL,1985,64.93
Ireland,IRL,1990,65.98
Ireland,IRL,1995,66.55
Ireland,IRL,2000,68.17
Ireland,IRL,2005,69.97
Ireland,IRL,2010,70.89
Ireland,IRL,2015,71.79
Ireland,IRL,2020,72.71
Israel,ISR,1950,62.6
Israel,ISR,1955,63.13
Israel,ISR,1960,63.59
Israel,ISR,1965,64.01
Israel,ISR,1970,64.49
Israel,ISR,1975,65.13
Israel,ISR,1980,65.94
Israel,ISR,1985,66.88
Israel,ISR,1990,67.94
Israel,ISR,1995,69.03
Israel,ISR,2000,70.15
Israel,ISR,2005,71.25
Israel,ISR,2010,72.47
Israel,ISR,2015,73.35
Israel,ISR,2020,74.23
Italy,ITA,1750,NA
Italy,ITA,1755,NA
Italy,ITA,1760,NA
Italy,ITA,1765,NA
Italy,ITA,1770,NA
Italy,ITA,1775,NA
Italy,ITA,1780,NA
Italy,ITA,1785,NA
Italy,ITA,1790,NA
Italy,ITA,1795,NA
Italy,ITA,1800,NA
Italy,ITA,1805,NA
Italy,ITA,1810,NA
Italy,ITA,1815,NA
Italy,ITA,1820,NA
Italy,ITA,1825,NA
Italy,ITA,1830,NA
Italy,ITA,1835,NA
Italy,ITA,1840,NA
Italy,ITA,1845,NA
Italy,ITA,1850,NA
Italy,ITA,1855,NA
Italy,ITA,1860,NA
Italy,ITA,1865,NA
Italy,ITA,1870,45.65
Italy,ITA,1875,46.72
Italy,ITA,1880,47.79
Italy,ITA,1885,48.92
Italy,ITA,1890,49.56
Italy,ITA,1895,50.84
Italy,ITA,1900,51.3
Italy,ITA,1905,51.68
Italy,ITA,1910,53.2
Italy,ITA,1915,41.49
Italy,ITA,1920,53.65
Italy,ITA,1925,54.86
Italy,ITA,1930,56.61
Italy,ITA,1935,57.02
Italy,ITA,1940,52.89
Italy,ITA,1945,58.8
Italy,ITA,1950,61.9
Italy,ITA,1955,62.77
Italy,ITA,1960,63.23
Italy,ITA,1965,63.7
Italy,ITA,1970,64.45
Italy,ITA,1975,65.01
Italy,ITA,1980,65.92
Italy,ITA,1985,67.16
Italy,ITA,1990,68.09
Italy,ITA,1995,69.22
Italy,ITA,2000,70.6
Italy,ITA,2005,71.84
Italy,ITA,2010,73.09
Italy,ITA,2015,73.97
Italy,ITA,2020,74.75
Jamaica,JAM,1950,57.54
Jamaica,JAM,1955,60.34
Jamaica,JAM,1960,61.61
Jamaica,JAM,1965,62.48
Jamaica,JAM,1970,63.18
Jamaica,JAM,1975,63.97
Jamaica,JAM,1980,64.87
Jamaica,JAM,1985,64.58
Jamaica,JAM,1990,64.15
Jamaica,JAM,1995,64.12
Jamaica,JAM,2000,64.7
Jamaica,JAM,2005,65.91
Jamaica,JAM,2010,66.92
Jamaica,JAM,2015,67.44
Jamaica,JAM,2020,67.98
Japan,JPN,1750,NA
Japan,JPN,1755,NA
Japan,JPN,1760,NA
Japan,JPN,1765,NA
Japan,JPN,1770,NA
Japan,JPN,1775,NA
Japan,JPN,1780,NA
Japan,JPN,1785,NA
Japan,JPN,1790,NA
Japan,JPN,1795,NA
Japan,JPN,1800,NA
Japan,JPN,1805,NA
Japan,JPN,1810,NA
Japan,JPN,1815,NA
Japan,JPN,1820,NA
Japan,JPN,1825,NA
Japan,JPN,1830,NA
Japan,JPN,1835,NA
Japan,JPN,1840,NA
Japan,JPN,1845,NA
Japan,JPN,1850,NA
Japan,JPN,1855,NA
Japan,JPN,1860,NA
Japan,JPN,1865,NA
Japan,JPN,1870,NA
Japan,JPN,1875,NA
Japan,JPN,1880,NA
Japan,JPN,1885,NA
Japan,JPN,1890,NA
Japan,JPN,1895,NA
Japan,JPN,1900,NA
Japan,JPN,1905,NA
Japan,JPN,1910,NA
Japan,JPN,1915,NA
Japan,JPN,1920,NA
Japan,JPN,1925,NA
Japan,JPN,1930,NA
Japan,JPN,1935,NA
Japan,JPN,1940,NA
Japan,JPN,1945,53.23
Japan,JPN,1950,57.76
Japan,JPN,1955,60.09
Japan,JPN,1960,61.55
Japan,JPN,1965,63
Japan,JPN,1970,64.46
Japan,JPN,1975,66.31
Japan,JPN,1980,67.72
Japan,JPN,1985,69.11
Japan,JPN,1990,70
Japan,JPN,1995,70.95
Japan,JPN,2000,72.21
Japan,JPN,2005,72.95
Japan,JPN,2010,73.59
Japan,JPN,2015,74.34
Japan,JPN,2020,75.04
Jordan,JOR,1950,51.73
Jordan,JOR,1955,52.83
Jordan,JOR,1960,54.17
Jordan,JOR,1965,56
Jordan,JOR,1970,58.12
Jordan,JOR,1975,59.95
Jordan,JOR,1980,61.15
Jordan,JOR,1985,62.24
Jordan,JOR,1990,63.07
Jordan,JOR,1995,63.62
Jordan,JOR,2000,64.24
Jordan,JOR,2005,64.82
Jordan,JOR,2010,65.39
Jordan,JOR,2015,65.95
Jordan,JOR,2020,66.54
Kazakhstan,KAZ,1950,54.96
Kazakhstan,KAZ,1955,56.45
Kazakhstan,KAZ,1960,57.89
Kazakhstan,KAZ,1965,59.29
Kazakhstan,KAZ,1970,60.18
Kazakhstan,KAZ,1975,60.57
Kazakhstan,KAZ,1980,61.43
Kazakhstan,KAZ,1985,62.33
Kazakhstan,KAZ,1990,59.88
Kazakhstan,KAZ,1995,56.71
Kazakhstan,KAZ,2000,57.27
Kazakhstan,KAZ,2005,58.02
Kazakhstan,KAZ,2010,60.41
Kazakhstan,KAZ,2015,60.89
Kazakhstan,KAZ,2020,61.41
Kenya,KEN,1950,48.45
Kenya,KEN,1955,49.79
Kenya,KEN,1960,51.51
Kenya,KEN,1965,52.86
Kenya,KEN,1970,54.37
Kenya,KEN,1975,55.75
Kenya,KEN,1980,57.23
Kenya,KEN,1985,57.36
Kenya,KEN,1990,55.15
Kenya,KEN,1995,49.25
Kenya,KEN,2000,48.11
Kenya,KEN,2005,53
Kenya,KEN,2010,56.53
Kenya,KEN,2015,58.68
Kenya,KEN,2020,59.34
Kiribati,KIR,1950,49.86
Kiribati,KIR,1955,50.72
Kiribati,KIR,1960,52.04
Kiribati,KIR,1965,53.3
Kiribati,KIR,1970,54.63
Kiribati,KIR,1975,55.22
Kiribati,KIR,1980,55.59
Kiribati,KIR,1985,56.58
Kiribati,KIR,1990,57.93
Kiribati,KIR,1995,58.87
Kiribati,KIR,2000,59.57
Kiribati,KIR,2005,59.89
Kiribati,KIR,2010,60.26
Kiribati,KIR,2015,60.82
Kiribati,KIR,2020,61.37
Kuwait,KWT,1950,56.73
Kuwait,KWT,1955,58.14
Kuwait,KWT,1960,59.29
Kuwait,KWT,1965,60.26
Kuwait,KWT,1970,61.09
Kuwait,KWT,1975,61.87
Kuwait,KWT,1980,62.65
Kuwait,KWT,1985,63.3
Kuwait,KWT,1990,63.74
Kuwait,KWT,1995,64.06
Kuwait,KWT,2000,64.37
Kuwait,KWT,2005,64.69
Kuwait,KWT,2010,65.19
Kuwait,KWT,2015,65.64
Kuwait,KWT,2020,66.12
Kyrgyzstan,KGZ,1950,54.28
Kyrgyzstan,KGZ,1955,55.78
Kyrgyzstan,KGZ,1960,57.26
Kyrgyzstan,KGZ,1965,58.7
Kyrgyzstan,KGZ,1970,59.63
Kyrgyzstan,KGZ,1975,60.01
Kyrgyzstan,KGZ,1980,60.87
Kyrgyzstan,KGZ,1985,62.09
Kyrgyzstan,KGZ,1990,61.52
Kyrgyzstan,KGZ,1995,60.16
Kyrgyzstan,KGZ,2000,60.12
Kyrgyzstan,KGZ,2005,60.03
Kyrgyzstan,KGZ,2010,62.05
Kyrgyzstan,KGZ,2015,62.46
Kyrgyzstan,KGZ,2020,62.92
Laos,LAO,1950,46.75
Laos,LAO,1955,47.62
Laos,LAO,1960,48.49
Laos,LAO,1965,49.34
Laos,LAO,1970,50.18
Laos,LAO,1975,50.9
Laos,LAO,1980,51.65
Laos,LAO,1985,52.92
Laos,LAO,1990,54.23
Laos,LAO,1995,55.67
Laos,LAO,2000,57.2
Laos,LAO,2005,58.74
Laos,LAO,2010,60.03
Laos,LAO,2015,61.24
Laos,LAO,2020,62.46
Latvia,LVA,1950,60.29
Latvia,LVA,1955,62.07
Latvia,LVA,1960,62.89
Latvia,LVA,1965,62.64
Latvia,LVA,1970,61.95
Latvia,LVA,1975,61.09
Latvia,LVA,1980,60.94
Latvia,LVA,1985,61.93
Latvia,LVA,1990,59.35
Latvia,LVA,1995,60.16
Latvia,LVA,2000,61.75
Latvia,LVA,2005,62.32
Latvia,LVA,2010,64.58
Latvia,LVA,2015,65.03
Latvia,LVA,2020,65.57
Lebanon,LBN,1950,57.23
Lebanon,LBN,1955,58.3
Lebanon,LBN,1960,59.17
Lebanon,LBN,1965,59.92
Lebanon,LBN,1970,60.67
Lebanon,LBN,1975,61.2
Lebanon,LBN,1980,61.66
Lebanon,LBN,1985,62.41
Lebanon,LBN,1990,63.4
Lebanon,LBN,1995,65
Lebanon,LBN,2000,66.89
Lebanon,LBN,2005,68.76
Lebanon,LBN,2010,69.78
Lebanon,LBN,2015,71.06
Lebanon,LBN,2020,72.31
Lesotho,LSO,1950,47.54
Lesotho,LSO,1955,49.16
Lesotho,LSO,1960,50.63
Lesotho,LSO,1965,51.02
Lesotho,LSO,1970,51.66
Lesotho,LSO,1975,52.9
Lesotho,LSO,1980,54.5
Lesotho,LSO,1985,55.59
Lesotho,LSO,1990,56.7
Lesotho,LSO,1995,48.82
Lesotho,LSO,2000,40
Lesotho,LSO,2005,41.65
Lesotho,LSO,2010,44.53
Lesotho,LSO,2015,44.5
Lesotho,LSO,2020,45.9
Liberia,LBR,1950,41.85
Liberia,LBR,1955,42.79
Liberia,LBR,1960,43.8
Liberia,LBR,1965,45.42
Liberia,LBR,1970,47.33
Liberia,LBR,1975,50.38
Liberia,LBR,1980,52.19
Liberia,LBR,1985,53.01
Liberia,LBR,1990,53.2
Liberia,LBR,1995,55.83
Liberia,LBR,2000,52.16
Liberia,LBR,2005,55.47
Liberia,LBR,2010,56.65
Liberia,LBR,2015,57.62
Liberia,LBR,2020,58.6
Libya,LBY,1950,47.43
Libya,LBY,1955,48.3
Libya,LBY,1960,51.69
Libya,LBY,1965,54.48
Libya,LBY,1970,56.8
Libya,LBY,1975,58.72
Libya,LBY,1980,60.24
Libya,LBY,1985,61.29
Libya,LBY,1990,62.37
Libya,LBY,1995,62.9
Libya,LBY,2000,63.31
Libya,LBY,2005,64.08
Libya,LBY,2010,63.71
Libya,LBY,2015,64.19
Libya,LBY,2020,64.75
Lithuania,LTU,1950,60.97
Lithuania,LTU,1955,62.78
Lithuania,LTU,1960,63.65
Lithuania,LTU,1965,63.83
Lithuania,LTU,1970,63.31
Lithuania,LTU,1975,62.81
Lithuania,LTU,1980,62.34
Lithuania,LTU,1985,63.07
Lithuania,LTU,1990,61.27
Lithuania,LTU,1995,61.32
Lithuania,LTU,2000,62.4
Lithuania,LTU,2005,61.88
Lithuania,LTU,2010,63.52
Lithuania,LTU,2015,64.11
Lithuania,LTU,2020,64.78
Luxembourg,LUX,1950,60.05
Luxembourg,LUX,1955,61.02
Luxembourg,LUX,1960,61.81
Luxembourg,LUX,1965,61.71
Luxembourg,LUX,1970,61.96
Luxembourg,LUX,1975,62.73
Luxembourg,LUX,1980,64.06
Luxembourg,LUX,1985,65.36
Luxembourg,LUX,1990,66.54
Luxembourg,LUX,1995,67.51
Luxembourg,LUX,2000,68.84
Luxembourg,LUX,2005,69.81
Luxembourg,LUX,2010,71.51
Luxembourg,LUX,2015,72.47
Luxembourg,LUX,2020,73.42
Macao,MAC,1950,57.6
Macao,MAC,1955,59.11
Macao,MAC,1960,60.53
Macao,MAC,1965,61.78
Macao,MAC,1970,62.96
Macao,MAC,1975,64.1
Macao,MAC,1980,65.18
Macao,MAC,1985,66.2
Macao,MAC,1990,67.16
Macao,MAC,1995,68.05
Macao,MAC,2000,68.95
Macao,MAC,2005,69.8
Macao,MAC,2010,70.77
Macao,MAC,2015,71.71
Macao,MAC,2020,72.68
Madagascar,MDG,1950,45.13
Madagascar,MDG,1955,46.48
Madagascar,MDG,1960,47.93
Madagascar,MDG,1965,49.31
Madagascar,MDG,1970,50.75
Madagascar,MDG,1975,52
Madagascar,MDG,1980,52.13
Madagascar,MDG,1985,52.27
Madagascar,MDG,1990,53.88
Madagascar,MDG,1995,55.52
Madagascar,MDG,2000,56.69
Madagascar,MDG,2005,57.45
Madagascar,MDG,2010,58.82
Madagascar,MDG,2015,60.01
Madagascar,MDG,2020,61.01
Malawi,MWI,1950,47.17
Malawi,MWI,1955,47.69
Malawi,MWI,1960,48.36
Malawi,MWI,1965,48.95
Malawi,MWI,1970,50.13
Malawi,MWI,1975,51.18
Malawi,MWI,1980,51.78
Malawi,MWI,1985,49.59
Malawi,MWI,1990,46.04
Malawi,MWI,1995,44.12
Malawi,MWI,2000,43.61
Malawi,MWI,2005,49.3
Malawi,MWI,2010,56.56
Malawi,MWI,2015,60.63
Malawi,MWI,2020,62.09
Malaysia,MYS,1950,54.07
Malaysia,MYS,1955,55.52
Malaysia,MYS,1960,56.98
Malaysia,MYS,1965,58.07
Malaysia,MYS,1970,59.08
Malaysia,MYS,1975,60.04
Malaysia,MYS,1980,60.94
Malaysia,MYS,1985,61.77
Malaysia,MYS,1990,62.55
Malaysia,MYS,1995,63.28
Malaysia,MYS,2000,63.98
Malaysia,MYS,2005,64.54
Malaysia,MYS,2010,65.19
Malaysia,MYS,2015,66
Malaysia,MYS,2020,66.78
Maldives,MDV,1950,47.54
Maldives,MDV,1955,48.5
Maldives,MDV,1960,49.61
Maldives,MDV,1965,50.49
Maldives,MDV,1970,51.35
Maldives,MDV,1975,52.54
Maldives,MDV,1980,55.14
Maldives,MDV,1985,56.72
Maldives,MDV,1990,59.45
Maldives,MDV,1995,61.91
Maldives,MDV,2000,64.66
Maldives,MDV,2005,67.11
Maldives,MDV,2010,67.24
Maldives,MDV,2015,68.3
Maldives,MDV,2020,69.2
Mali,MLI,1950,39.32
Mali,MLI,1955,39.92
Mali,MLI,1960,40.4
Mali,MLI,1965,42.33
Mali,MLI,1970,44.81
Mali,MLI,1975,47.4
Mali,MLI,1980,50.06
Mali,MLI,1985,52.61
Mali,MLI,1990,53.63
Mali,MLI,1995,52.96
Mali,MLI,2000,54.19
Mali,MLI,2005,55.59
Mali,MLI,2010,56.04
Mali,MLI,2015,57.22
Mali,MLI,2020,58.44
Malta,MLT,1950,60.25
Malta,MLT,1955,60.78
Malta,MLT,1960,61.79
Malta,MLT,1965,62.78
Malta,MLT,1970,63.74
Malta,MLT,1975,64.69
Malta,MLT,1980,65.62
Malta,MLT,1985,66.54
Malta,MLT,1990,67.43
Malta,MLT,1995,68.29
Malta,MLT,2000,69.17
Malta,MLT,2005,70
Malta,MLT,2010,70.77
Malta,MLT,2015,71.56
Malta,MLT,2020,72.36
Martinique,MTQ,1950,53.29
Martinique,MTQ,1955,55.27
Martinique,MTQ,1960,57.17
Martinique,MTQ,1965,59.01
Martinique,MTQ,1970,60.77
Martinique,MTQ,1975,62.47
Martinique,MTQ,1980,64.08
Martinique,MTQ,1985,65.61
Martinique,MTQ,1990,67.07
Martinique,MTQ,1995,68.48
Martinique,MTQ,2000,69.83
Martinique,MTQ,2005,70.89
Martinique,MTQ,2010,71.84
Martinique,MTQ,2015,73.1
Martinique,MTQ,2020,74.1
Mauritania,MRT,1950,45.8
Mauritania,MRT,1955,47.77
Mauritania,MRT,1960,49.89
Mauritania,MRT,1965,51.57
Mauritania,MRT,1970,52.98
Mauritania,MRT,1975,54.46
Mauritania,MRT,1980,56.1
Mauritania,MRT,1985,57.09
Mauritania,MRT,1990,57.72
Mauritania,MRT,1995,58.11
Mauritania,MRT,2000,58.43
Mauritania,MRT,2005,58.95
Mauritania,MRT,2010,59.46
Mauritania,MRT,2015,59.84
Mauritania,MRT,2020,60.19
Mauritius,MUS,1950,51.21
Mauritius,MUS,1955,53.25
Mauritius,MUS,1960,57.37
Mauritius,MUS,1965,58.91
Mauritius,MUS,1970,59.63
Mauritius,MUS,1975,58.96
Mauritius,MUS,1980,60.44
Mauritius,MUS,1985,60.5
Mauritius,MUS,1990,61.88
Mauritius,MUS,1995,62
Mauritius,MUS,2000,63.34
Mauritius,MUS,2005,63.95
Mauritius,MUS,2010,65.26
Mauritius,MUS,2015,65.93
Mauritius,MUS,2020,66.64
Mayotte,MYT,1950,51.18
Mayotte,MYT,1955,52.71
Mayotte,MYT,1960,54.6
Mayotte,MYT,1965,56.41
Mayotte,MYT,1970,58.16
Mayotte,MYT,1975,59.83
Mayotte,MYT,1980,61.42
Mayotte,MYT,1985,62.96
Mayotte,MYT,1990,64.46
Mayotte,MYT,1995,65.89
Mayotte,MYT,2000,67.24
Mayotte,MYT,2005,68.53
Mayotte,MYT,2010,69.76
Mayotte,MYT,2015,70.99
Mayotte,MYT,2020,72.18
Mexico,MEX,1950,53.73
Mexico,MEX,1955,56.4
Mexico,MEX,1960,58.14
Mexico,MEX,1965,58.91
Mexico,MEX,1970,59.81
Mexico,MEX,1975,60.82
Mexico,MEX,1980,62.07
Mexico,MEX,1985,63.56
Mexico,MEX,1990,64.98
Mexico,MEX,1995,66.3
Mexico,MEX,2000,66.92
Mexico,MEX,2005,67.76
Mexico,MEX,2010,68.42
Mexico,MEX,2015,69.2
Mexico,MEX,2020,69.97
Micronesia (country),FSM,1950,54.04
Micronesia (country),FSM,1955,55.12
Micronesia (country),FSM,1960,56.2
Micronesia (country),FSM,1965,57.29
Micronesia (country),FSM,1970,58.42
Micronesia (country),FSM,1975,59.56
Micronesia (country),FSM,1980,59.89
Micronesia (country),FSM,1985,60.23
Micronesia (country),FSM,1990,60.56
Micronesia (country),FSM,1995,60.89
Micronesia (country),FSM,2000,61.2
Micronesia (country),FSM,2005,61.66
Micronesia (country),FSM,2010,62.02
Micronesia (country),FSM,2015,62.46
Micronesia (country),FSM,2020,62.9
Moldova,MDA,1950,55.95
Moldova,MDA,1955,56.86
Moldova,MDA,1960,57.64
Moldova,MDA,1965,58.6
Moldova,MDA,1970,58.96
Moldova,MDA,1975,58.94
Moldova,MDA,1980,58.18
Moldova,MDA,1985,60.27
Moldova,MDA,1990,59.87
Moldova,MDA,1995,58.83
Moldova,MDA,2000,59.34
Moldova,MDA,2005,59.68
Moldova,MDA,2010,62.37
Moldova,MDA,2015,62.71
Moldova,MDA,2020,63.14
Mongolia,MNG,1950,52.63
Mongolia,MNG,1955,54.16
Mongolia,MNG,1960,55.54
Mongolia,MNG,1965,56.94
Mongolia,MNG,1970,58.15
Mongolia,MNG,1975,58.33
Mongolia,MNG,1980,58.53
Mongolia,MNG,1985,59.62
Mongolia,MNG,1990,57.08
Mongolia,MNG,1995,56.65
Mongolia,MNG,2000,57.52
Mongolia,MNG,2005,58.79
Mongolia,MNG,2010,61.29
Mongolia,MNG,2015,62.31
Mongolia,MNG,2020,63.37
Montenegro,MNE,1950,59.05
Montenegro,MNE,1955,60.33
Montenegro,MNE,1960,61.42
Montenegro,MNE,1965,62.46
Montenegro,MNE,1970,64.1
Montenegro,MNE,1975,65.01
Montenegro,MNE,1980,65.9
Montenegro,MNE,1985,66.09
Montenegro,MNE,1990,66.36
Montenegro,MNE,1995,64.41
Montenegro,MNE,2000,64.4
Montenegro,MNE,2005,65.12
Montenegro,MNE,2010,66.61
Montenegro,MNE,2015,67.12
Montenegro,MNE,2020,67.66
Morocco,MAR,1950,52.14
Morocco,MAR,1955,52.83
Morocco,MAR,1960,53.68
Morocco,MAR,1965,54.54
Morocco,MAR,1970,55.31
Morocco,MAR,1975,56.24
Morocco,MAR,1980,58.04
Morocco,MAR,1985,59.77
Morocco,MAR,1990,61.09
Morocco,MAR,1995,61.84
Morocco,MAR,2000,63.14
Morocco,MAR,2005,64.53
Morocco,MAR,2010,66.09
Morocco,MAR,2015,66.86
Morocco,MAR,2020,67.59
Mozambique,MOZ,1950,42.19
Mozambique,MOZ,1955,43.65
Mozambique,MOZ,1960,45.02
Mozambique,MOZ,1965,46.14
Mozambique,MOZ,1970,47.4
Mozambique,MOZ,1975,48.47
Mozambique,MOZ,1980,48.03
Mozambique,MOZ,1985,48.61
Mozambique,MOZ,1990,49.41
Mozambique,MOZ,1995,50.21
Mozambique,MOZ,2000,49.17
Mozambique,MOZ,2005,49.67
Mozambique,MOZ,2010,51.47
Mozambique,MOZ,2015,52.18
Mozambique,MOZ,2020,53.47
Myanmar,MMR,1950,44.03
Myanmar,MMR,1955,46.97
Myanmar,MMR,1960,48.63
Myanmar,MMR,1965,51.51
Myanmar,MMR,1970,52.68
Myanmar,MMR,1975,53.79
Myanmar,MMR,1980,54.84
Myanmar,MMR,1985,55.85
Myanmar,MMR,1990,56.82
Myanmar,MMR,1995,57.72
Myanmar,MMR,2000,58.63
Myanmar,MMR,2005,59.36
Myanmar,MMR,2010,60.12
Myanmar,MMR,2015,60.61
Myanmar,MMR,2020,61.06
Namibia,NAM,1950,47.26
Namibia,NAM,1955,49.23
Namibia,NAM,1960,50.92
Namibia,NAM,1965,52.33
Namibia,NAM,1970,53.75
Namibia,NAM,1975,55.14
Namibia,NAM,1980,56.42
Namibia,NAM,1985,57.26
Namibia,NAM,1990,56.94
Namibia,NAM,1995,53.42
Namibia,NAM,2000,48.09
Namibia,NAM,2005,53.98
Namibia,NAM,2010,57.47
Namibia,NAM,2015,57.94
Namibia,NAM,2020,58.6
Nepal,NPL,1950,42.81
Nepal,NPL,1955,43.14
Nepal,NPL,1960,44.08
Nepal,NPL,1965,45.74
Nepal,NPL,1970,47.39
Nepal,NPL,1975,49.02
Nepal,NPL,1980,50.85
Nepal,NPL,1985,52.8
Nepal,NPL,1990,55.09
Nepal,NPL,1995,57.29
Nepal,NPL,2000,59.2
Nepal,NPL,2005,60.72
Nepal,NPL,2010,62.08
Nepal,NPL,2015,63.29
Nepal,NPL,2020,64.4
Netherlands,NLD,1750,NA
Netherlands,NLD,1755,NA
Netherlands,NLD,1760,NA
Netherlands,NLD,1765,NA
Netherlands,NLD,1770,NA
Netherlands,NLD,1775,NA
Netherlands,NLD,1780,NA
Netherlands,NLD,1785,NA
Netherlands,NLD,1790,NA
Netherlands,NLD,1795,NA
Netherlands,NLD,1800,NA
Netherlands,NLD,1805,NA
Netherlands,NLD,1810,NA
Netherlands,NLD,1815,NA
Netherlands,NLD,1820,NA
Netherlands,NLD,1825,NA
Netherlands,NLD,1830,NA
Netherlands,NLD,1835,NA
Netherlands,NLD,1840,NA
Netherlands,NLD,1845,NA
Netherlands,NLD,1850,47.59
Netherlands,NLD,1855,44.87
Netherlands,NLD,1860,47.25
Netherlands,NLD,1865,47.13
Netherlands,NLD,1870,47.49
Netherlands,NLD,1875,49.33
Netherlands,NLD,1880,50.59
Netherlands,NLD,1885,51.34
Netherlands,NLD,1890,51.32
Netherlands,NLD,1895,53.52
Netherlands,NLD,1900,54.25
Netherlands,NLD,1905,55.39
Netherlands,NLD,1910,56.8
Netherlands,NLD,1915,54.41
Netherlands,NLD,1920,57.96
Netherlands,NLD,1925,58.96
Netherlands,NLD,1930,60.18
Netherlands,NLD,1935,60.89
Netherlands,NLD,1940,58.97
Netherlands,NLD,1945,60.62
Netherlands,NLD,1950,64.35
Netherlands,NLD,1955,64.89
Netherlands,NLD,1960,65.13
Netherlands,NLD,1965,65.07
Netherlands,NLD,1970,65.31
Netherlands,NLD,1975,66.18
Netherlands,NLD,1980,67
Netherlands,NLD,1985,67.49
Netherlands,NLD,1990,67.91
Netherlands,NLD,1995,68.41
Netherlands,NLD,2000,69.19
Netherlands,NLD,2005,70.62
Netherlands,NLD,2010,71.68
Netherlands,NLD,2015,72.38
Netherlands,NLD,2020,73.14
New Caledonia,NCL,1950,52
New Caledonia,NCL,1955,54.04
New Caledonia,NCL,1960,55.87
New Caledonia,NCL,1965,57.5
New Caledonia,NCL,1970,58.94
New Caledonia,NCL,1975,60.25
New Caledonia,NCL,1980,61.48
New Caledonia,NCL,1985,62.64
New Caledonia,NCL,1990,63.73
New Caledonia,NCL,1995,64.75
New Caledonia,NCL,2000,65.72
New Caledonia,NCL,2005,66.55
New Caledonia,NCL,2010,67.46
New Caledonia,NCL,2015,68.4
New Caledonia,NCL,2020,69.36
New Zealand,NZL,1950,62.3
New Zealand,NZL,1955,62.98
New Zealand,NZL,1960,63.22
New Zealand,NZL,1965,63.02
New Zealand,NZL,1970,63.26
New Zealand,NZL,1975,63.94
New Zealand,NZL,1980,64.89
New Zealand,NZL,1985,65.41
New Zealand,NZL,1990,67.07
New Zealand,NZL,1995,68.1
New Zealand,NZL,2000,69.6
New Zealand,NZL,2005,70.78
New Zealand,NZL,2010,72.03
New Zealand,NZL,2015,72.83
New Zealand,NZL,2020,73.66
Nicaragua,NIC,1950,47.71
Nicaragua,NIC,1955,49.6
Nicaragua,NIC,1960,51.59
Nicaragua,NIC,1965,53.66
Nicaragua,NIC,1970,55.73
Nicaragua,NIC,1975,57.38
Nicaragua,NIC,1980,57.9
Nicaragua,NIC,1985,58.84
Nicaragua,NIC,1990,60.76
Nicaragua,NIC,1995,61.87
Nicaragua,NIC,2000,63.48
Nicaragua,NIC,2005,65.16
Nicaragua,NIC,2010,66.41
Nicaragua,NIC,2015,67.52
Nicaragua,NIC,2020,68.5
Niger,NER,1950,43.79
Niger,NER,1955,44.19
Niger,NER,1960,44.67
Niger,NER,1965,45.07
Niger,NER,1970,46.06
Niger,NER,1975,47.75
Niger,NER,1980,50.4
Niger,NER,1985,53.38
Niger,NER,1990,54.81
Niger,NER,1995,55.16
Niger,NER,2000,55.46
Niger,NER,2005,56.06
Niger,NER,2010,58.25
Niger,NER,2015,59.24
Niger,NER,2020,60.17
Nigeria,NGA,1950,43.24
Nigeria,NGA,1955,44.38
Nigeria,NGA,1960,45.72
Nigeria,NGA,1965,46.75
Nigeria,NGA,1970,47.9
Nigeria,NGA,1975,49.14
Nigeria,NGA,1980,50.09
Nigeria,NGA,1985,50.05
Nigeria,NGA,1990,50.01
Nigeria,NGA,1995,49.46
Nigeria,NGA,2000,48.81
Nigeria,NGA,2005,50.04
Nigeria,NGA,2010,50.96
Nigeria,NGA,2015,51.62
Nigeria,NGA,2020,52.41
North Korea,PRK,1950,38.39
North Korea,PRK,1955,48.13
North Korea,PRK,1960,49.58
North Korea,PRK,1965,53.18
North Korea,PRK,1970,56.36
North Korea,PRK,1975,58.72
North Korea,PRK,1980,60.2
North Korea,PRK,1985,61.34
North Korea,PRK,1990,64.34
North Korea,PRK,1995,59.3
North Korea,PRK,2000,60.92
North Korea,PRK,2005,61.17
North Korea,PRK,2010,62.14
North Korea,PRK,2015,63.05
North Korea,PRK,2020,63.9
North Macedonia,MKD,1950,55.67
North Macedonia,MKD,1955,57.99
North Macedonia,MKD,1960,59.81
North Macedonia,MKD,1965,61.73
North Macedonia,MKD,1970,62.96
North Macedonia,MKD,1975,63.59
North Macedonia,MKD,1980,63.17
North Macedonia,MKD,1985,64.05
North Macedonia,MKD,1990,63.83
North Macedonia,MKD,1995,64.15
North Macedonia,MKD,2000,64.83
North Macedonia,MKD,2005,65.34
North Macedonia,MKD,2010,65.98
North Macedonia,MKD,2015,66.61
North Macedonia,MKD,2020,67.29
Norway,NOR,1750,NA
Norway,NOR,1755,NA
Norway,NOR,1760,NA
Norway,NOR,1765,NA
Norway,NOR,1770,NA
Norway,NOR,1775,NA
Norway,NOR,1780,NA
Norway,NOR,1785,NA
Norway,NOR,1790,NA
Norway,NOR,1795,NA
Norway,NOR,1800,NA
Norway,NOR,1805,NA
Norway,NOR,1810,NA
Norway,NOR,1815,NA
Norway,NOR,1820,NA
Norway,NOR,1825,NA
Norway,NOR,1830,NA
Norway,NOR,1835,NA
Norway,NOR,1840,NA
Norway,NOR,1845,50.44
Norway,NOR,1850,50.79
Norway,NOR,1855,51.93
Norway,NOR,1860,51.93
Norway,NOR,1865,51.42
Norway,NOR,1870,51.79
Norway,NOR,1875,52.07
Norway,NOR,1880,52.4
Norway,NOR,1885,52.67
Norway,NOR,1890,51.56
Norway,NOR,1895,53.2
Norway,NOR,1900,53.55
Norway,NOR,1905,54.03
Norway,NOR,1910,54.84
Norway,NOR,1915,52.6
Norway,NOR,1920,56.44
Norway,NOR,1925,57.7
Norway,NOR,1930,59.25
Norway,NOR,1935,60.41
Norway,NOR,1940,60.1
Norway,NOR,1945,63.42
Norway,NOR,1950,65.07
Norway,NOR,1955,65.5
Norway,NOR,1960,65.26
Norway,NOR,1965,65.39
Norway,NOR,1970,65.6
Norway,NOR,1975,66.19
Norway,NOR,1980,66.74
Norway,NOR,1985,66.82
Norway,NOR,1990,67.72
Norway,NOR,1995,68.68
Norway,NOR,2000,69.63
Norway,NOR,2005,70.94
Norway,NOR,2010,71.59
Norway,NOR,2015,72.35
Norway,NOR,2020,73.11
Oman,OMN,1950,47.7
Oman,OMN,1955,49.34
Oman,OMN,1960,50.91
Oman,OMN,1965,52.42
Oman,OMN,1970,53.84
Oman,OMN,1975,56.1
Oman,OMN,1980,58.16
Oman,OMN,1985,60
Oman,OMN,1990,61.6
Oman,OMN,1995,63.18
Oman,OMN,2000,64.7
Oman,OMN,2005,66.05
Oman,OMN,2010,67.11
Oman,OMN,2015,68.14
Oman,OMN,2020,69.21
Pakistan,PAK,1950,48.61
Pakistan,PAK,1955,50.97
Pakistan,PAK,1960,53.1
Pakistan,PAK,1965,55.04
Pakistan,PAK,1970,56.81
Pakistan,PAK,1975,58.02
Pakistan,PAK,1980,59.04
Pakistan,PAK,1985,59.83
Pakistan,PAK,1990,60.47
Pakistan,PAK,1995,60.9
Pakistan,PAK,2000,61.31
Pakistan,PAK,2005,61.63
Pakistan,PAK,2010,62.45
Pakistan,PAK,2015,62.76
Pakistan,PAK,2020,63
Palestine,PSE,1950,49.87
Palestine,PSE,1955,50.74
Palestine,PSE,1960,52.03
Palestine,PSE,1965,53.79
Palestine,PSE,1970,55.6
Palestine,PSE,1975,57.53
Palestine,PSE,1980,59.4
Palestine,PSE,1985,60.93
Palestine,PSE,1990,61.98
Palestine,PSE,1995,62.91
Palestine,PSE,2000,63.48
Palestine,PSE,2005,63.96
Palestine,PSE,2010,64.58
Palestine,PSE,2015,65.23
Palestine,PSE,2020,65.87
Panama,PAN,1950,55.85
Panama,PAN,1955,57.68
Panama,PAN,1960,59.39
Panama,PAN,1965,60.74
Panama,PAN,1970,62.07
Panama,PAN,1975,63.48
Panama,PAN,1980,64.59
Panama,PAN,1985,65.42
Panama,PAN,1990,66.25
Panama,PAN,1995,67.06
Panama,PAN,2000,67.67
Panama,PAN,2005,68.19
Panama,PAN,2010,68.98
Panama,PAN,2015,69.72
Panama,PAN,2020,70.44
Papua New Guinea,PNG,1950,37.7
Papua New Guinea,PNG,1955,39.43
Papua New Guinea,PNG,1960,41.32
Papua New Guinea,PNG,1965,44.2
Papua New Guinea,PNG,1970,46.57
Papua New Guinea,PNG,1975,48.67
Papua New Guinea,PNG,1980,51.15
Papua New Guinea,PNG,1985,51.42
Papua New Guinea,PNG,1990,52.65
Papua New Guinea,PNG,1995,53.63
Papua New Guinea,PNG,2000,54.78
Papua New Guinea,PNG,2005,56.12
Papua New Guinea,PNG,2010,56.7
Papua New Guinea,PNG,2015,57.36
Papua New Guinea,PNG,2020,57.99
Paraguay,PRY,1950,60.32
Paraguay,PRY,1955,60.52
Paraguay,PRY,1960,60.94
Paraguay,PRY,1965,61.1
Paraguay,PRY,1970,61.4
Paraguay,PRY,1975,61.7
Paraguay,PRY,1980,61.99
Paraguay,PRY,1985,62.25
Paraguay,PRY,1990,62.71
Paraguay,PRY,1995,63.18
Paraguay,PRY,2000,64.1
Paraguay,PRY,2005,64.81
Paraguay,PRY,2010,65.53
Paraguay,PRY,2015,65.89
Paraguay,PRY,2020,66.2
Peru,PER,1950,51.19
Peru,PER,1955,52.42
Peru,PER,1960,53.9
Peru,PER,1965,55.13
Peru,PER,1970,57.22
Peru,PER,1975,58.82
Peru,PER,1980,60.12
Peru,PER,1985,61.47
Peru,PER,1990,62.69
Peru,PER,1995,63.83
Peru,PER,2000,64.88
Peru,PER,2005,65.85
Peru,PER,2010,66.59
Peru,PER,2015,67.55
Peru,PER,2020,68.43
Philippines,PHL,1950,54.92
Philippines,PHL,1955,55.61
Philippines,PHL,1960,56.28
Philippines,PHL,1965,56.81
Philippines,PHL,1970,57.3
Philippines,PHL,1975,57.77
Philippines,PHL,1980,58.22
Philippines,PHL,1985,58.64
Philippines,PHL,1990,59.27
Philippines,PHL,1995,59.54
Philippines,PHL,2000,59.81
Philippines,PHL,2005,60.04
Philippines,PHL,2010,60.26
Philippines,PHL,2015,60.82
Philippines,PHL,2020,61.33
Poland,POL,1950,57.92
Poland,POL,1955,60.82
Poland,POL,1960,62.42
Poland,POL,1965,62.88
Poland,POL,1970,62.99
Poland,POL,1975,62.69
Poland,POL,1980,62.73
Poland,POL,1985,62.46
Poland,POL,1990,62.56
Poland,POL,1995,63.7
Poland,POL,2000,65.22
Poland,POL,2005,66.04
Poland,POL,2010,67.59
Poland,POL,2015,68.38
Poland,POL,2020,69.18
Portugal,PRT,1750,NA
Portugal,PRT,1755,NA
Portugal,PRT,1760,NA
Portugal,PRT,1765,NA
Portugal,PRT,1770,NA
Portugal,PRT,1775,NA
Portugal,PRT,1780,NA
Portugal,PRT,1785,NA
Portugal,PRT,1790,NA
Portugal,PRT,1795,NA
Portugal,PRT,1800,NA
Portugal,PRT,1805,NA
Portugal,PRT,1810,NA
Portugal,PRT,1815,NA
Portugal,PRT,1820,NA
Portugal,PRT,1825,NA
Portugal,PRT,1830,NA
Portugal,PRT,1835,NA
Portugal,PRT,1840,NA
Portugal,PRT,1845,NA
Portugal,PRT,1850,NA
Portugal,PRT,1855,NA
Portugal,PRT,1860,NA
Portugal,PRT,1865,NA
Portugal,PRT,1870,NA
Portugal,PRT,1875,NA
Portugal,PRT,1880,NA
Portugal,PRT,1885,NA
Portugal,PRT,1890,NA
Portugal,PRT,1895,NA
Portugal,PRT,1900,NA
Portugal,PRT,1905,NA
Portugal,PRT,1910,NA
Portugal,PRT,1915,NA
Portugal,PRT,1920,NA
Portugal,PRT,1925,NA
Portugal,PRT,1930,NA
Portugal,PRT,1935,NA
Portugal,PRT,1940,55.13
Portugal,PRT,1945,56.91
Portugal,PRT,1950,60.05
Portugal,PRT,1955,61.26
Portugal,PRT,1960,62.18
Portugal,PRT,1965,62.02
Portugal,PRT,1970,62.62
Portugal,PRT,1975,63.06
Portugal,PRT,1980,64.32
Portugal,PRT,1985,65.34
Portugal,PRT,1990,65.72
Portugal,PRT,1995,66.58
Portugal,PRT,2000,67.86
Portugal,PRT,2005,69.11
Portugal,PRT,2010,70.91
Portugal,PRT,2015,72.01
Portugal,PRT,2020,73.08
Puerto Rico,PRI,1950,59.12
Puerto Rico,PRI,1955,62.53
Puerto Rico,PRI,1960,63.14
Puerto Rico,PRI,1965,63.71
Puerto Rico,PRI,1970,64.65
Puerto Rico,PRI,1975,65.32
Puerto Rico,PRI,1980,65.47
Puerto Rico,PRI,1985,65.88
Puerto Rico,PRI,1990,64.91
Puerto Rico,PRI,1995,65.91
Puerto Rico,PRI,2000,67.57
Puerto Rico,PRI,2005,68.59
Puerto Rico,PRI,2010,69.82
Puerto Rico,PRI,2015,70.71
Puerto Rico,PRI,2020,71.62
Qatar,QAT,1950,56.57
Qatar,QAT,1955,58.86
Qatar,QAT,1960,60.78
Qatar,QAT,1965,62.38
Qatar,QAT,1970,63.75
Qatar,QAT,1975,64.94
Qatar,QAT,1980,65.76
Qatar,QAT,1985,66.34
Qatar,QAT,1990,66.76
Qatar,QAT,1995,67.08
Qatar,QAT,2000,67.39
Qatar,QAT,2005,67.65
Qatar,QAT,2010,68.58
Qatar,QAT,2015,69.28
Qatar,QAT,2020,70.03
Reunion,REU,1950,52.01
Reunion,REU,1955,53.48
Reunion,REU,1960,55.36
Reunion,REU,1965,57.2
Reunion,REU,1970,58.94
Reunion,REU,1975,60.55
Reunion,REU,1980,62.09
Reunion,REU,1985,63.56
Reunion,REU,1990,64.96
Reunion,REU,1995,66.31
Reunion,REU,2000,67.57
Reunion,REU,2005,68.78
Reunion,REU,2010,69.97
Reunion,REU,2015,71.13
Reunion,REU,2020,72.29
Romania,ROU,1950,59.3
Romania,ROU,1955,60.52
Romania,ROU,1960,62.55
Romania,ROU,1965,61.93
Romania,ROU,1970,62.63
Romania,ROU,1975,62.54
Romania,ROU,1980,62.29
Romania,ROU,1985,62.12
Romania,ROU,1990,61.84
Romania,ROU,1995,61.69
Romania,ROU,2000,63.04
Romania,ROU,2005,64.22
Romania,ROU,2010,65.48
Romania,ROU,2015,66.02
Romania,ROU,2020,66.59
Russia,RUS,1950,58.72
Russia,RUS,1955,60.65
Russia,RUS,1960,61.54
Russia,RUS,1965,61.32
Russia,RUS,1970,60.76
Russia,RUS,1975,60.16
Russia,RUS,1980,59.84
Russia,RUS,1985,61.3
Russia,RUS,1990,58.53
Russia,RUS,1995,57.54
Russia,RUS,2000,56.37
Russia,RUS,2005,58.13
Russia,RUS,2010,60.63
Russia,RUS,2015,61.12
Russia,RUS,2020,61.67
Rwanda,RWA,1950,47.19
Rwanda,RWA,1955,48.03
Rwanda,RWA,1960,48.88
Rwanda,RWA,1965,49.5
Rwanda,RWA,1970,49.77
Rwanda,RWA,1975,50.41
Rwanda,RWA,1980,52.19
Rwanda,RWA,1985,50.05
Rwanda,RWA,1990,36.22
Rwanda,RWA,1995,46.68
Rwanda,RWA,2000,49.82
Rwanda,RWA,2005,55.86
Rwanda,RWA,2010,58.72
Rwanda,RWA,2015,60.82
Rwanda,RWA,2020,61.95
Saint Lucia,LCA,1950,57.19
Saint Lucia,LCA,1955,58.33
Saint Lucia,LCA,1960,58.31
Saint Lucia,LCA,1965,57.66
Saint Lucia,LCA,1970,59.39
Saint Lucia,LCA,1975,60.93
Saint Lucia,LCA,1980,62.67
Saint Lucia,LCA,1985,63.07
Saint Lucia,LCA,1990,63.32
Saint Lucia,LCA,1995,62.88
Saint Lucia,LCA,2000,63.65
Saint Lucia,LCA,2005,65.32
Saint Lucia,LCA,2010,66.07
Saint Lucia,LCA,2015,66.69
Saint Lucia,LCA,2020,67.31
Saint Vincent and the Grenadines,VCT,1950,52.62
Saint Vincent and the Grenadines,VCT,1955,58.66
Saint Vincent and the Grenadines,VCT,1960,61.23
Saint Vincent and the Grenadines,VCT,1965,60.95
Saint Vincent and the Grenadines,VCT,1970,60.6
Saint Vincent and the Grenadines,VCT,1975,60.16
Saint Vincent and the Grenadines,VCT,1980,61.74
Saint Vincent and the Grenadines,VCT,1985,62.33
Saint Vincent and the Grenadines,VCT,1990,62.7
Saint Vincent and the Grenadines,VCT,1995,62.71
Saint Vincent and the Grenadines,VCT,2000,62.83
Saint Vincent and the Grenadines,VCT,2005,63.73
Saint Vincent and the Grenadines,VCT,2010,64.44
Saint Vincent and the Grenadines,VCT,2015,64.87
Saint Vincent and the Grenadines,VCT,2020,65.29
Samoa,WSM,1950,45.45
Samoa,WSM,1955,47.16
Samoa,WSM,1960,48.87
Samoa,WSM,1965,50.58
Samoa,WSM,1970,52.29
Samoa,WSM,1975,54.02
Samoa,WSM,1980,55.75
Samoa,WSM,1985,57.53
Samoa,WSM,1990,59.47
Samoa,WSM,1995,61.15
Samoa,WSM,2000,62.46
Samoa,WSM,2005,63.61
Samoa,WSM,2010,64.85
Samoa,WSM,2015,65.96
Samoa,WSM,2020,67.06
Sao Tome and Principe,STP,1950,50.64
Sao Tome and Principe,STP,1955,51.87
Sao Tome and Principe,STP,1960,53.38
Sao Tome and Principe,STP,1965,54.74
Sao Tome and Principe,STP,1970,56.32
Sao Tome and Principe,STP,1975,57.87
Sao Tome and Principe,STP,1980,58.08
Sao Tome and Principe,STP,1985,58.52
Sao Tome and Principe,STP,1990,58.96
Sao Tome and Principe,STP,1995,59.4
Sao Tome and Principe,STP,2000,59.84
Sao Tome and Principe,STP,2005,60.77
Sao Tome and Principe,STP,2010,61.19
Sao Tome and Principe,STP,2015,61.57
Sao Tome and Principe,STP,2020,61.94
Saudi Arabia,SAU,1950,50.63
Saudi Arabia,SAU,1955,51.54
Saudi Arabia,SAU,1960,52.52
Saudi Arabia,SAU,1965,53.87
Saudi Arabia,SAU,1970,56.19
Saudi Arabia,SAU,1975,58.64
Saudi Arabia,SAU,1980,60.57
Saudi Arabia,SAU,1985,61.96
Saudi Arabia,SAU,1990,63.02
Saudi Arabia,SAU,1995,64.06
Saudi Arabia,SAU,2000,64.74
Saudi Arabia,SAU,2005,64.9
Saudi Arabia,SAU,2010,65.54
Saudi Arabia,SAU,2015,66.06
Saudi Arabia,SAU,2020,66.56
Senegal,SEN,1950,43.99
Senegal,SEN,1955,45.38
Senegal,SEN,1960,46.23
Senegal,SEN,1965,46.33
Senegal,SEN,1970,47.94
Senegal,SEN,1975,51.19
Senegal,SEN,1980,53.89
Senegal,SEN,1985,56.59
Senegal,SEN,1990,57.38
Senegal,SEN,1995,57.14
Senegal,SEN,2000,57.17
Senegal,SEN,2005,58.38
Senegal,SEN,2010,59.99
Senegal,SEN,2015,61.01
Senegal,SEN,2020,62.04
Serbia,SRB,1950,58.48
Serbia,SRB,1955,59.85
Serbia,SRB,1960,61.34
Serbia,SRB,1965,62.28
Serbia,SRB,1970,62.73
Serbia,SRB,1975,62.89
Serbia,SRB,1980,63.13
Serbia,SRB,1985,63.11
Serbia,SRB,1990,63.3
Serbia,SRB,1995,63.36
Serbia,SRB,2000,63.66
Serbia,SRB,2005,64.48
Serbia,SRB,2010,65.57
Serbia,SRB,2015,66.16
Serbia,SRB,2020,66.77
Seychelles,SYC,1950,55.98
Seychelles,SYC,1955,56.82
Seychelles,SYC,1960,59.78
Seychelles,SYC,1965,60.5
Seychelles,SYC,1970,61.16
Seychelles,SYC,1975,61.79
Seychelles,SYC,1980,62.2
Seychelles,SYC,1985,62.46
Seychelles,SYC,1990,61.77
Seychelles,SYC,1995,62.51
Seychelles,SYC,2000,63.18
Seychelles,SYC,2005,63.35
Seychelles,SYC,2010,63.94
Seychelles,SYC,2015,64.58
Seychelles,SYC,2020,65.37
Sierra Leone,SLE,1950,41.57
Sierra Leone,SLE,1955,42.17
Sierra Leone,SLE,1960,42.8
Sierra Leone,SLE,1965,43.73
Sierra Leone,SLE,1970,45.49
Sierra Leone,SLE,1975,46.61
Sierra Leone,SLE,1980,46.51
Sierra Leone,SLE,1985,44.48
Sierra Leone,SLE,1990,41.79
Sierra Leone,SLE,1995,41.24
Sierra Leone,SLE,2000,44.64
Sierra Leone,SLE,2005,47.53
Sierra Leone,SLE,2010,49.35
Sierra Leone,SLE,2015,50.2
Sierra Leone,SLE,2020,51.2
Singapore,SGP,1950,56.04
Singapore,SGP,1955,58.36
Singapore,SGP,1960,59.15
Singapore,SGP,1965,59.48
Singapore,SGP,1970,60.94
Singapore,SGP,1975,62.27
Singapore,SGP,1980,63.79
Singapore,SGP,1985,65.55
Singapore,SGP,1990,67.47
Singapore,SGP,1995,68.12
Singapore,SGP,2000,69.52
Singapore,SGP,2005,71.51
Singapore,SGP,2010,72.88
Singapore,SGP,2015,73.91
Singapore,SGP,2020,74.76
Slovakia,SVK,1950,60.7
Slovakia,SVK,1955,62.08
Slovakia,SVK,1960,63.11
Slovakia,SVK,1965,62.7
Slovakia,SVK,1970,62.29
Slovakia,SVK,1975,62.44
Slovakia,SVK,1980,62.21
Slovakia,SVK,1985,62.21
Slovakia,SVK,1990,62.67
Slovakia,SVK,1995,63.63
Slovakia,SVK,2000,64.57
Slovakia,SVK,2005,65.33
Slovakia,SVK,2010,66.55
Slovakia,SVK,2015,67.14
Slovakia,SVK,2020,67.75
Slovenia,SVN,1950,57.73
Slovenia,SVN,1955,59.62
Slovenia,SVN,1960,60.68
Slovenia,SVN,1965,60.7
Slovenia,SVN,1970,61.24
Slovenia,SVN,1975,62.24
Slovenia,SVN,1980,62.44
Slovenia,SVN,1985,63.67
Slovenia,SVN,1990,64.47
Slovenia,SVN,1995,65.78
Slovenia,SVN,2000,67.1
Slovenia,SVN,2005,68.94
Slovenia,SVN,2010,70.38
Slovenia,SVN,2015,71.27
Slovenia,SVN,2020,72.13
Solomon Islands,SLB,1950,49.07
Solomon Islands,SLB,1955,50.43
Solomon Islands,SLB,1960,51.75
Solomon Islands,SLB,1965,53.1
Solomon Islands,SLB,1970,54.46
Solomon Islands,SLB,1975,55.81
Solomon Islands,SLB,1980,56.23
Solomon Islands,SLB,1985,54.69
Solomon Islands,SLB,1990,56.04
Solomon Islands,SLB,1995,57.58
Solomon Islands,SLB,2000,59.33
Solomon Islands,SLB,2005,60.45
Solomon Islands,SLB,2010,61.14
Solomon Islands,SLB,2015,61.83
Solomon Islands,SLB,2020,62.49
Somalia,SOM,1950,43.75
Somalia,SOM,1955,44.9
Somalia,SOM,1960,46.03
Somalia,SOM,1965,47.16
Somalia,SOM,1970,48.14
Somalia,SOM,1975,49.18
Somalia,SOM,1980,50.09
Somalia,SOM,1985,50.52
Somalia,SOM,1990,49.62
Somalia,SOM,1995,51.96
Somalia,SOM,2000,52.73
Somalia,SOM,2005,53.62
Somalia,SOM,2010,54.32
Somalia,SOM,2015,55.04
Somalia,SOM,2020,55.9
South Africa,ZAF,1950,44.78
South Africa,ZAF,1955,46.82
South Africa,ZAF,1960,48.17
South Africa,ZAF,1965,49.53
South Africa,ZAF,1970,50.74
South Africa,ZAF,1975,52.01
South Africa,ZAF,1980,54.01
South Africa,ZAF,1985,55.86
South Africa,ZAF,1990,56.69
South Africa,ZAF,1995,53.98
South Africa,ZAF,2000,47.58
South Africa,ZAF,2005,46.87
South Africa,ZAF,2010,50.84
South Africa,ZAF,2015,50.72
South Africa,ZAF,2020,51.61
South Korea,KOR,1950,51.06
South Korea,KOR,1955,52.4
South Korea,KOR,1960,53.84
South Korea,KOR,1965,55.39
South Korea,KOR,1970,57.04
South Korea,KOR,1975,58.32
South Korea,KOR,1980,59.98
South Korea,KOR,1985,62.04
South Korea,KOR,1990,63.99
South Korea,KOR,1995,65.69
South Korea,KOR,2000,67.98
South Korea,KOR,2005,70.52
South Korea,KOR,2010,71.78
South Korea,KOR,2015,73.01
South Korea,KOR,2020,73.95
South Sudan,SSD,1950,40.12
South Sudan,SSD,1955,41.71
South Sudan,SSD,1960,42.97
South Sudan,SSD,1965,44.22
South Sudan,SSD,1970,45.3
South Sudan,SSD,1975,46.45
South Sudan,SSD,1980,46.86
South Sudan,SSD,1985,48.18
South Sudan,SSD,1990,50.04
South Sudan,SSD,1995,51.15
South Sudan,SSD,2000,51.55
South Sudan,SSD,2005,52.21
South Sudan,SSD,2010,53.83
South Sudan,SSD,2015,54.93
South Sudan,SSD,2020,56.08
Spain,ESP,1750,NA
Spain,ESP,1755,NA
Spain,ESP,1760,NA
Spain,ESP,1765,NA
Spain,ESP,1770,NA
Spain,ESP,1775,NA
Spain,ESP,1780,NA
Spain,ESP,1785,NA
Spain,ESP,1790,NA
Spain,ESP,1795,NA
Spain,ESP,1800,NA
Spain,ESP,1805,NA
Spain,ESP,1810,NA
Spain,ESP,1815,NA
Spain,ESP,1820,NA
Spain,ESP,1825,NA
Spain,ESP,1830,NA
Spain,ESP,1835,NA
Spain,ESP,1840,NA
Spain,ESP,1845,NA
Spain,ESP,1850,NA
Spain,ESP,1855,NA
Spain,ESP,1860,NA
Spain,ESP,1865,NA
Spain,ESP,1870,NA
Spain,ESP,1875,NA
Spain,ESP,1880,NA
Spain,ESP,1885,NA
Spain,ESP,1890,NA
Spain,ESP,1895,NA
Spain,ESP,1900,NA
Spain,ESP,1905,49.22
Spain,ESP,1910,50.13
Spain,ESP,1915,46.98
Spain,ESP,1920,50.59
Spain,ESP,1925,52.38
Spain,ESP,1930,53.79
Spain,ESP,1935,51.06
Spain,ESP,1940,53.37
Spain,ESP,1945,57.38
Spain,ESP,1950,60.51
Spain,ESP,1955,62.31
Spain,ESP,1960,63.57
Spain,ESP,1965,64.18
Spain,ESP,1970,64.68
Spain,ESP,1975,65.69
Spain,ESP,1980,67.06
Spain,ESP,1985,67.58
Spain,ESP,1990,68.14
Spain,ESP,1995,69.04
Spain,ESP,2000,70.09
Spain,ESP,2005,71.63
Spain,ESP,2010,72.61
Spain,ESP,2015,73.5
Spain,ESP,2020,74.24
Sri Lanka,LKA,1950,54.83
Sri Lanka,LKA,1955,56.91
Sri Lanka,LKA,1960,57.28
Sri Lanka,LKA,1965,58.88
Sri Lanka,LKA,1970,60.19
Sri Lanka,LKA,1975,61.01
Sri Lanka,LKA,1980,62.31
Sri Lanka,LKA,1985,61.44
Sri Lanka,LKA,1990,62.04
Sri Lanka,LKA,1995,60.65
Sri Lanka,LKA,2000,64.64
Sri Lanka,LKA,2005,65.17
Sri Lanka,LKA,2010,65.47
Sri Lanka,LKA,2015,66.23
Sri Lanka,LKA,2020,67
Sudan,SDN,1950,49.69
Sudan,SDN,1955,51.04
Sudan,SDN,1960,52.1
Sudan,SDN,1965,53.11
Sudan,SDN,1970,53.99
Sudan,SDN,1975,54.48
Sudan,SDN,1980,54.72
Sudan,SDN,1985,55.07
Sudan,SDN,1990,55.44
Sudan,SDN,1995,55.9
Sudan,SDN,2000,56.74
Sudan,SDN,2005,57.94
Sudan,SDN,2010,59.34
Sudan,SDN,2015,59.95
Sudan,SDN,2020,60.5
Suriname,SUR,1950,54.41
Suriname,SUR,1955,56.12
Suriname,SUR,1960,56.91
Suriname,SUR,1965,58.07
Suriname,SUR,1970,59.12
Suriname,SUR,1975,59.81
Suriname,SUR,1980,60.75
Suriname,SUR,1985,61.1
Suriname,SUR,1990,61.08
Suriname,SUR,1995,60.74
Suriname,SUR,2000,60.56
Suriname,SUR,2005,61.99
Suriname,SUR,2010,62.78
Suriname,SUR,2015,63.23
Suriname,SUR,2020,63.72
Sweden,SWE,1750,48.34
Sweden,SWE,1755,45.5
Sweden,SWE,1760,45.66
Sweden,SWE,1765,46.61
Sweden,SWE,1770,40.28
Sweden,SWE,1775,47.42
Sweden,SWE,1780,46.18
Sweden,SWE,1785,44.58
Sweden,SWE,1790,46.7
Sweden,SWE,1795,47.77
Sweden,SWE,1800,46.67
Sweden,SWE,1805,42.36
Sweden,SWE,1810,43.76
Sweden,SWE,1815,46.93
Sweden,SWE,1820,47.86
Sweden,SWE,1825,46.35
Sweden,SWE,1830,45.74
Sweden,SWE,1835,47.12
Sweden,SWE,1840,48.33
Sweden,SWE,1845,48.48
Sweden,SWE,1850,47.82
Sweden,SWE,1855,47.76
Sweden,SWE,1860,51.2
Sweden,SWE,1865,49.67
Sweden,SWE,1870,50.98
Sweden,SWE,1875,51.85
Sweden,SWE,1880,52.72
Sweden,SWE,1885,53.62
Sweden,SWE,1890,53.3
Sweden,SWE,1895,54.4
Sweden,SWE,1900,54.26
Sweden,SWE,1905,55.06
Sweden,SWE,1910,55.61
Sweden,SWE,1915,53.26
Sweden,SWE,1920,57.36
Sweden,SWE,1925,57.88
Sweden,SWE,1930,58.78
Sweden,SWE,1935,59.43
Sweden,SWE,1940,61.13
Sweden,SWE,1945,62.23
Sweden,SWE,1950,63.66
Sweden,SWE,1955,64.53
Sweden,SWE,1960,64.95
Sweden,SWE,1965,65.29
Sweden,SWE,1970,65.81
Sweden,SWE,1975,66.09
Sweden,SWE,1980,66.99
Sweden,SWE,1985,67.7
Sweden,SWE,1990,68.6
Sweden,SWE,1995,69.62
Sweden,SWE,2000,70.44
Sweden,SWE,2005,71.36
Sweden,SWE,2010,72.23
Sweden,SWE,2015,73.02
Sweden,SWE,2020,73.84
Switzerland,CHE,1750,NA
Switzerland,CHE,1755,NA
Switzerland,CHE,1760,NA
Switzerland,CHE,1765,NA
Switzerland,CHE,1770,NA
Switzerland,CHE,1775,NA
Switzerland,CHE,1780,NA
Switzerland,CHE,1785,NA
Switzerland,CHE,1790,NA
Switzerland,CHE,1795,NA
Switzerland,CHE,1800,NA
Switzerland,CHE,1805,NA
Switzerland,CHE,1810,NA
Switzerland,CHE,1815,NA
Switzerland,CHE,1820,NA
Switzerland,CHE,1825,NA
Switzerland,CHE,1830,NA
Switzerland,CHE,1835,NA
Switzerland,CHE,1840,NA
Switzerland,CHE,1845,NA
Switzerland,CHE,1850,NA
Switzerland,CHE,1855,NA
Switzerland,CHE,1860,NA
Switzerland,CHE,1865,NA
Switzerland,CHE,1870,NA
Switzerland,CHE,1875,47.21
Switzerland,CHE,1880,48.26
Switzerland,CHE,1885,48.58
Switzerland,CHE,1890,48.9
Switzerland,CHE,1895,50.52
Switzerland,CHE,1900,50.77
Switzerland,CHE,1905,51.22
Switzerland,CHE,1910,52.44
Switzerland,CHE,1915,51.09
Switzerland,CHE,1920,54.45
Switzerland,CHE,1925,55.53
Switzerland,CHE,1930,56.49
Switzerland,CHE,1935,57.68
Switzerland,CHE,1940,59.07
Switzerland,CHE,1945,60.19
Switzerland,CHE,1950,62.1
Switzerland,CHE,1955,62.99
Switzerland,CHE,1960,63.61
Switzerland,CHE,1965,64.25
Switzerland,CHE,1970,65.12
Switzerland,CHE,1975,66.22
Switzerland,CHE,1980,66.94
Switzerland,CHE,1985,67.98
Switzerland,CHE,1990,68.6
Switzerland,CHE,1995,69.75
Switzerland,CHE,2000,70.98
Switzerland,CHE,2005,72.22
Switzerland,CHE,2010,73.04
Switzerland,CHE,2015,73.91
Switzerland,CHE,2020,74.63
Syria,SYR,1950,52.4
Syria,SYR,1955,53.63
Syria,SYR,1960,54.83
Syria,SYR,1965,56.3
Syria,SYR,1970,58.15
Syria,SYR,1975,59.79
Syria,SYR,1980,61.26
Syria,SYR,1985,62.48
Syria,SYR,1990,63.24
Syria,SYR,1995,64.1
Syria,SYR,2000,64.84
Syria,SYR,2005,65.88
Syria,SYR,2010,61.12
Syria,SYR,2015,62.03
Syria,SYR,2020,62.96
Tajikistan,TJK,1950,59.3
Tajikistan,TJK,1955,60.35
Tajikistan,TJK,1960,61.42
Tajikistan,TJK,1965,62.51
Tajikistan,TJK,1970,63.22
Tajikistan,TJK,1975,63.48
Tajikistan,TJK,1980,63.65
Tajikistan,TJK,1985,63.73
Tajikistan,TJK,1990,60.87
Tajikistan,TJK,1995,60.75
Tajikistan,TJK,2000,60.78
Tajikistan,TJK,2005,61.93
Tajikistan,TJK,2010,63.2
Tajikistan,TJK,2015,63.6
Tajikistan,TJK,2020,64.01
Tanzania,TZA,1950,47.89
Tanzania,TZA,1955,48.88
Tanzania,TZA,1960,49.59
Tanzania,TZA,1965,50.43
Tanzania,TZA,1970,51.38
Tanzania,TZA,1975,52.51
Tanzania,TZA,1980,52.81
Tanzania,TZA,1985,52.41
Tanzania,TZA,1990,50.21
Tanzania,TZA,1995,48.62
Tanzania,TZA,2000,49.95
Tanzania,TZA,2005,54.4
Tanzania,TZA,2010,58.05
Tanzania,TZA,2015,59.79
Tanzania,TZA,2020,61.15
Thailand,THA,1950,54.22
Thailand,THA,1955,54.9
Thailand,THA,1960,55.91
Thailand,THA,1965,56.46
Thailand,THA,1970,57.27
Thailand,THA,1975,58.64
Thailand,THA,1980,60.03
Thailand,THA,1985,63.17
Thailand,THA,1990,62.71
Thailand,THA,1995,62.34
Thailand,THA,2000,62.96
Thailand,THA,2005,64.52
Thailand,THA,2010,65.32
Thailand,THA,2015,66.1
Thailand,THA,2020,66.88
Timor,TLS,1950,40.43
Timor,TLS,1955,41.9
Timor,TLS,1960,43.35
Timor,TLS,1965,44.8
Timor,TLS,1970,46.19
Timor,TLS,1975,41.14
Timor,TLS,1980,46.19
Timor,TLS,1985,49.85
Timor,TLS,1990,51.91
Timor,TLS,1995,55.36
Timor,TLS,2000,57.8
Timor,TLS,2005,61.24
Timor,TLS,2010,61.99
Timor,TLS,2015,62.91
Timor,TLS,2020,63.73
Togo,TGO,1950,43.96
Togo,TGO,1955,46.1
Togo,TGO,1960,48.11
Togo,TGO,1965,50.03
Togo,TGO,1970,51.87
Togo,TGO,1975,53.54
Togo,TGO,1980,55.11
Togo,TGO,1985,56.13
Togo,TGO,1990,55.8
Togo,TGO,1995,53.05
Togo,TGO,2000,52.71
Togo,TGO,2005,53.06
Togo,TGO,2010,55.46
Togo,TGO,2015,56.65
Togo,TGO,2020,57.75
Tonga,TON,1950,54.07
Tonga,TON,1955,55.36
Tonga,TON,1960,56.66
Tonga,TON,1965,57.89
Tonga,TON,1970,59.07
Tonga,TON,1975,59.96
Tonga,TON,1980,60.92
Tonga,TON,1985,61.81
Tonga,TON,1990,62.28
Tonga,TON,1995,62.77
Tonga,TON,2000,63.31
Tonga,TON,2005,63.86
Tonga,TON,2010,64.49
Tonga,TON,2015,65.16
Tonga,TON,2020,65.84
Trinidad and Tobago,TTO,1950,55.63
Trinidad and Tobago,TTO,1955,57.13
Trinidad and Tobago,TTO,1960,58.96
Trinidad and Tobago,TTO,1965,59.42
Trinidad and Tobago,TTO,1970,59.61
Trinidad and Tobago,TTO,1975,60.25
Trinidad and Tobago,TTO,1980,60.31
Trinidad and Tobago,TTO,1985,60.5
Trinidad and Tobago,TTO,1990,60.85
Trinidad and Tobago,TTO,1995,61.17
Trinidad and Tobago,TTO,2000,61.49
Trinidad and Tobago,TTO,2005,61.88
Trinidad and Tobago,TTO,2010,62.67
Trinidad and Tobago,TTO,2015,63.01
Trinidad and Tobago,TTO,2020,63.35
Tunisia,TUN,1950,46.65
Tunisia,TUN,1955,47.97
Tunisia,TUN,1960,49.51
Tunisia,TUN,1965,51.81
Tunisia,TUN,1970,55.18
Tunisia,TUN,1975,57.47
Tunisia,TUN,1980,59.88
Tunisia,TUN,1985,61.39
Tunisia,TUN,1990,63.41
Tunisia,TUN,1995,65
Tunisia,TUN,2000,65.76
Tunisia,TUN,2005,66.21
Tunisia,TUN,2010,66.25
Tunisia,TUN,2015,66.98
Tunisia,TUN,2020,67.61
Turkey,TUR,1950,50.96
Turkey,TUR,1955,53.12
Turkey,TUR,1960,55.13
Turkey,TUR,1965,56.82
Turkey,TUR,1970,57.88
Turkey,TUR,1975,58.91
Turkey,TUR,1980,59.99
Turkey,TUR,1985,61.02
Turkey,TUR,1990,61.93
Turkey,TUR,1995,62.82
Turkey,TUR,2000,64.29
Turkey,TUR,2005,65.42
Turkey,TUR,2010,66.55
Turkey,TUR,2015,67.59
Turkey,TUR,2020,68.6
Turkmenistan,TKM,1950,54.32
Turkmenistan,TKM,1955,55.58
Turkmenistan,TKM,1960,56.83
Turkmenistan,TKM,1965,58.07
Turkmenistan,TKM,1970,58.83
Turkmenistan,TKM,1975,59.14
Turkmenistan,TKM,1980,59.89
Turkmenistan,TKM,1985,60.18
Turkmenistan,TKM,1990,59.7
Turkmenistan,TKM,1995,59.36
Turkmenistan,TKM,2000,59.19
Turkmenistan,TKM,2005,59.48
Turkmenistan,TKM,2010,59.88
Turkmenistan,TKM,2015,60.28
Turkmenistan,TKM,2020,60.69
Uganda,UGA,1950,47.16
Uganda,UGA,1955,48.62
Uganda,UGA,1960,50.17
Uganda,UGA,1965,51.56
Uganda,UGA,1970,52.12
Uganda,UGA,1975,52.14
Uganda,UGA,1980,51.47
Uganda,UGA,1985,48.52
Uganda,UGA,1990,44.81
Uganda,UGA,1995,44.02
Uganda,UGA,2000,47.34
Uganda,UGA,2005,51.73
Uganda,UGA,2010,54.04
Uganda,UGA,2015,57.36
Uganda,UGA,2020,58.62
Ukraine,UKR,1950,60.08
Ukraine,UKR,1955,61.79
Ukraine,UKR,1960,62.61
Ukraine,UKR,1965,62.97
Ukraine,UKR,1970,62.67
Ukraine,UKR,1975,61.89
Ukraine,UKR,1980,61.1
Ukraine,UKR,1985,62.3
Ukraine,UKR,1990,60.35
Ukraine,UKR,1995,58.91
Ukraine,UKR,2000,58.82
Ukraine,UKR,2005,59.03
Ukraine,UKR,2010,61.62
Ukraine,UKR,2015,61.96
Ukraine,UKR,2020,62.36
United Arab Emirates,ARE,1950,51.18
United Arab Emirates,ARE,1955,53.77
United Arab Emirates,ARE,1960,55.81
United Arab Emirates,ARE,1965,57.47
United Arab Emirates,ARE,1970,58.93
United Arab Emirates,ARE,1975,60.29
United Arab Emirates,ARE,1980,61.56
United Arab Emirates,ARE,1985,62.7
United Arab Emirates,ARE,1990,63.72
United Arab Emirates,ARE,1995,64.7
United Arab Emirates,ARE,2000,65.66
United Arab Emirates,ARE,2005,66.51
United Arab Emirates,ARE,2010,67.29
United Arab Emirates,ARE,2015,68.06
United Arab Emirates,ARE,2020,68.82
United Kingdom,GBR,1950,61.84
United Kingdom,GBR,1955,62.69
United Kingdom,GBR,1960,63
United Kingdom,GBR,1965,63.42
United Kingdom,GBR,1970,63.73
United Kingdom,GBR,1975,64.24
United Kingdom,GBR,1980,65.14
United Kingdom,GBR,1985,65.91
United Kingdom,GBR,1990,66.86
United Kingdom,GBR,1995,67.67
United Kingdom,GBR,2000,68.89
United Kingdom,GBR,2005,70.14
United Kingdom,GBR,2010,70.88
United Kingdom,GBR,2015,71.62
United Kingdom,GBR,2020,72.38
United States,USA,1950,61.28
United States,USA,1955,62.06
United States,USA,1960,62.32
United States,USA,1965,62.34
United States,USA,1970,62.94
United States,USA,1975,64.52
United States,USA,1980,65.43
United States,USA,1985,65.86
United States,USA,1990,66.49
United States,USA,1995,67.16
United States,USA,2000,67.83
United States,USA,2005,68.79
United States,USA,2010,69.47
United States,USA,2015,70.11
United States,USA,2020,70.8
United States Virgin Islands,VIR,1950,54.52
United States Virgin Islands,VIR,1955,56.97
United States Virgin Islands,VIR,1960,58.3
United States Virgin Islands,VIR,1965,59.86
United States Virgin Islands,VIR,1970,61.43
United States Virgin Islands,VIR,1975,62.95
United States Virgin Islands,VIR,1980,64.12
United States Virgin Islands,VIR,1985,65.56
United States Virgin Islands,VIR,1990,66.88
United States Virgin Islands,VIR,1995,68.13
United States Virgin Islands,VIR,2000,69.19
United States Virgin Islands,VIR,2005,69.9
United States Virgin Islands,VIR,2010,70.98
United States Virgin Islands,VIR,2015,72.06
United States Virgin Islands,VIR,2020,73.11
Uruguay,URY,1950,60.76
Uruguay,URY,1955,61.46
Uruguay,URY,1960,62.32
Uruguay,URY,1965,62.48
Uruguay,URY,1970,62.64
Uruguay,URY,1975,63.18
Uruguay,URY,1980,63.84
Uruguay,URY,1985,64.15
Uruguay,URY,1990,64.84
Uruguay,URY,1995,65.7
Uruguay,URY,2000,66.73
Uruguay,URY,2005,67.51
Uruguay,URY,2010,68.21
Uruguay,URY,2015,68.84
Uruguay,URY,2020,69.51
Uzbekistan,UZB,1950,57.32
Uzbekistan,UZB,1955,58.53
Uzbekistan,UZB,1960,59.71
Uzbekistan,UZB,1965,60.9
Uzbekistan,UZB,1970,61.58
Uzbekistan,UZB,1975,62.04
Uzbekistan,UZB,1980,62.93
Uzbekistan,UZB,1985,63.44
Uzbekistan,UZB,1990,61.7
Uzbekistan,UZB,1995,61.89
Uzbekistan,UZB,2000,61.88
Uzbekistan,UZB,2005,62.07
Uzbekistan,UZB,2010,62.4
Uzbekistan,UZB,2015,62.68
Uzbekistan,UZB,2020,62.96
Vanuatu,VUT,1950,47.31
Vanuatu,VUT,1955,48.99
Vanuatu,VUT,1960,50.61
Vanuatu,VUT,1965,52.03
Vanuatu,VUT,1970,53.53
Vanuatu,VUT,1975,55.13
Vanuatu,VUT,1980,56.78
Vanuatu,VUT,1985,57.96
Vanuatu,VUT,1990,59.22
Vanuatu,VUT,1995,60.45
Vanuatu,VUT,2000,61.62
Vanuatu,VUT,2005,62.68
Vanuatu,VUT,2010,63.73
Vanuatu,VUT,2015,64.6
Vanuatu,VUT,2020,65.46
Venezuela,VEN,1950,54.94
Venezuela,VEN,1955,56.61
Venezuela,VEN,1960,58.15
Venezuela,VEN,1965,59.54
Venezuela,VEN,1970,60.81
Venezuela,VEN,1975,61.49
Venezuela,VEN,1980,61.95
Venezuela,VEN,1985,62.1
Venezuela,VEN,1990,62.42
Venezuela,VEN,1995,63.58
Venezuela,VEN,2000,64.49
Venezuela,VEN,2005,64.81
Venezuela,VEN,2010,65.22
Venezuela,VEN,2015,66.02
Venezuela,VEN,2020,66.8
Vietnam,VNM,1950,55.25
Vietnam,VNM,1955,57.06
Vietnam,VNM,1960,58.69
Vietnam,VNM,1965,59.3
Vietnam,VNM,1970,54.18
Vietnam,VNM,1975,61.64
Vietnam,VNM,1980,62.96
Vietnam,VNM,1985,64.07
Vietnam,VNM,1990,65.06
Vietnam,VNM,1995,65.85
Vietnam,VNM,2000,66.51
Vietnam,VNM,2005,67.03
Vietnam,VNM,2010,67.6
Vietnam,VNM,2015,68.13
Vietnam,VNM,2020,68.67
Western Sahara,ESH,1950,43.63
Western Sahara,ESH,1955,44.67
Western Sahara,ESH,1960,45.71
Western Sahara,ESH,1965,46.79
Western Sahara,ESH,1970,47.92
Western Sahara,ESH,1975,50.3
Western Sahara,ESH,1980,52.52
Western Sahara,ESH,1985,54.83
Western Sahara,ESH,1990,56.24
Western Sahara,ESH,1995,57.63
Western Sahara,ESH,2000,59.02
Western Sahara,ESH,2005,60.16
Western Sahara,ESH,2010,61.13
Western Sahara,ESH,2015,62.19
Western Sahara,ESH,2020,63.21
World,OWID_WRL,1950,51.03
World,OWID_WRL,1955,52.43
World,OWID_WRL,1960,53.71
World,OWID_WRL,1965,56.56
World,OWID_WRL,1970,58.18
World,OWID_WRL,1975,59.39
World,OWID_WRL,1980,60.22
World,OWID_WRL,1985,61.01
World,OWID_WRL,1990,61.44
World,OWID_WRL,1995,61.9
World,OWID_WRL,2000,62.59
World,OWID_WRL,2005,63.59
World,OWID_WRL,2010,64.54
World,OWID_WRL,2015,65.31
World,OWID_WRL,2020,66
Yemen,YEM,1950,46.12
Yemen,YEM,1955,46.12
Yemen,YEM,1960,46.13
Yemen,YEM,1965,48.22
Yemen,YEM,1970,50.11
Yemen,YEM,1975,52.37
Yemen,YEM,1980,54.63
Yemen,YEM,1985,56.28
Yemen,YEM,1990,56.88
Yemen,YEM,1995,57.3
Yemen,YEM,2000,57.73
Yemen,YEM,2005,58.09
Yemen,YEM,2010,58.88
Yemen,YEM,2015,59.42
Yemen,YEM,2020,59.92
Zambia,ZMB,1950,48.33
Zambia,ZMB,1955,49.47
Zambia,ZMB,1960,50.55
Zambia,ZMB,1965,51.42
Zambia,ZMB,1970,52.59
Zambia,ZMB,1975,53.28
Zambia,ZMB,1980,52.16
Zambia,ZMB,1985,47.84
Zambia,ZMB,1990,43.59
Zambia,ZMB,1995,42.21
Zambia,ZMB,2000,43.82
Zambia,ZMB,2005,50.91
Zambia,ZMB,2010,55.02
Zambia,ZMB,2015,57.59
Zambia,ZMB,2020,58.38
Zimbabwe,ZWE,1950,51.78
Zimbabwe,ZWE,1955,52.8
Zimbabwe,ZWE,1960,53.76
Zimbabwe,ZWE,1965,54.62
Zimbabwe,ZWE,1970,55.48
Zimbabwe,ZWE,1975,56.58
Zimbabwe,ZWE,1980,58.15
Zimbabwe,ZWE,1985,58.01
Zimbabwe,ZWE,1990,51.16
Zimbabwe,ZWE,1995,40.13
Zimbabwe,ZWE,2000,36.01
Zimbabwe,ZWE,2005,40.31
Zimbabwe,ZWE,2010,49.81
Zimbabwe,ZWE,2015,56.72
Zimbabwe,ZWE,2020,57.89